Agent,Start,Dest,Time
agent_0,11,99,0.26
agent_1,30,99,0.33
agent_2,24,98,0.43
agent_3,23,97,0.56
agent_4,21,67,0.63
agent_5,23,99,0.68
agent_6,1,99,0.7
agent_7,13,78,0.71
agent_8,3,87,1.12
agent_9,11,89,1.2
agent_10,12,88,1.22
agent_11,11,79,1.24
agent_12,21,79,1.26
agent_13,21,98,1.28
agent_14,2,96,1.41
agent_15,12,78,1.6
agent_16,22,89,1.62
agent_17,22,89,1.69
agent_18,12,99,1.82
agent_19,22,99,1.85
agent_20,0,99,1.88
agent_21,12,97,2.06
agent_22,20,98,2.11
agent_23,10,99,2.42
agent_24,12,87,2.44
agent_25,2,86,2.56
agent_26,41,87,2.76
agent_27,11,89,2.77
agent_28,30,97,2.79
agent_29,23,98,2.92
agent_30,21,78,3.04
agent_31,11,99,3.07
agent_32,11,88,3.11
agent_33,1,95,3.13
agent_34,22,99,3.3
agent_35,21,96,3.31
agent_36,23,87,3.38
agent_37,41,89,3.51
agent_38,10,89,3.55
agent_39,11,99,3.72
agent_40,30,88,4.0
agent_41,13,99,4.1
agent_42,0,97,4.17
agent_43,20,89,4.2
agent_44,21,68,4.26
agent_45,0,98,4.41
agent_46,1,99,4.42
agent_47,12,89,4.53
agent_48,12,88,4.56
agent_49,30,88,4.62
agent_50,12,99,4.84
agent_51,0,79,5.0
agent_52,12,99,5.06
agent_53,31,98,5.08
agent_54,12,89,5.37
agent_55,11,87,5.38
agent_56,11,89,5.52
agent_57,0,97,5.69
agent_58,32,88,5.72
agent_59,12,89,5.73
agent_60,21,69,5.74
agent_61,20,98,5.97
agent_62,13,78,6.15
agent_63,10,88,6.18
agent_64,20,89,6.28
agent_65,0,88,6.33
agent_66,21,96,6.56
agent_67,0,87,6.6
agent_68,11,79,6.82
agent_69,32,99,6.86
agent_70,3,98,7.12
agent_71,21,99,7.26
agent_72,12,88,7.28
agent_73,31,98,7.29
agent_74,30,97,7.3
agent_75,23,98,7.53
agent_76,2,97,7.54
agent_77,10,59,7.56
agent_78,20,99,7.6
agent_79,31,88,7.68
agent_80,20,99,7.91
agent_81,1,99,8.21
agent_82,2,89,8.47
agent_83,41,98,8.59
agent_84,3,89,8.6
agent_85,22,99,8.72
agent_86,23,78,8.73
agent_87,12,88,8.9
agent_88,10,78,8.98
agent_89,2,98,9.01
agent_90,23,77,9.02
agent_91,42,89,9.09
agent_92,20,88,9.09
agent_93,21,97,9.11
agent_94,22,97,9.32
agent_95,12,88,9.43
agent_96,13,97,9.65
agent_97,20,98,9.66
agent_98,0,99,9.8
agent_99,0,79,10.11
agent_100,21,99,10.25
agent_101,20,88,10.35
agent_102,21,79,10.61
agent_103,1,89,10.65
agent_104,10,89,10.68
agent_105,11,99,10.77
agent_106,12,89,10.81
agent_107,24,87,10.9
agent_108,1,78,10.9
agent_109,23,77,11.03
agent_110,32,98,11.11
agent_111,13,99,11.29
agent_112,20,88,11.35
agent_113,12,88,11.4
agent_114,13,97,11.42
agent_115,11,78,11.46
agent_116,21,88,11.5
agent_117,21,88,11.52
agent_118,22,99,11.53
agent_119,20,96,11.67
agent_120,21,98,11.7
agent_121,32,86,11.88
agent_122,12,99,11.98
agent_123,1,99,12.02
agent_124,0,89,12.07
agent_125,21,98,12.19
agent_126,0,98,12.22
agent_127,11,78,12.22
agent_128,31,77,12.36
agent_129,12,89,12.56
agent_130,22,97,12.67
agent_131,21,97,12.85
agent_132,10,98,12.96
agent_133,2,99,12.99
agent_134,0,79,13.06
agent_135,21,86,13.16
agent_136,12,88,13.34
agent_137,22,99,13.38
agent_138,12,99,13.53
agent_139,12,88,13.6
agent_140,2,99,13.62
agent_141,30,79,13.81
agent_142,1,99,13.81
agent_143,10,98,14.25
agent_144,11,97,14.46
agent_145,10,99,15.01
agent_146,3,89,15.12
agent_147,2,87,15.15
agent_148,12,89,15.16
agent_149,21,96,15.59
agent_150,34,97,15.64
agent_151,22,69,15.95
agent_152,12,88,15.99
agent_153,12,89,16.03
agent_154,12,98,16.05
agent_155,22,87,16.19
agent_156,0,89,16.28
agent_157,22,89,16.36
agent_158,2,89,16.38
agent_159,10,87,16.38
agent_160,2,78,16.4
agent_161,23,99,16.49
agent_162,20,99,16.51
agent_163,23,78,16.59
agent_164,11,89,16.62
agent_165,12,99,17.0
agent_166,12,88,17.05
agent_167,1,99,17.08
agent_168,1,89,17.32
agent_169,1,98,17.45
agent_170,11,99,17.6
agent_171,21,87,17.69
agent_172,10,89,17.81
agent_173,33,99,18.07
agent_174,22,99,18.07
agent_175,32,89,18.46
agent_176,22,79,18.55
agent_177,13,89,18.72
agent_178,10,89,18.73
agent_179,1,99,19.01
agent_180,42,98,19.03
agent_181,11,89,19.06
agent_182,12,89,19.11
agent_183,30,79,19.15
agent_184,2,99,19.32
agent_185,2,98,19.61
agent_186,12,88,19.77
agent_187,2,89,19.88
agent_188,21,88,19.92
agent_189,41,98,19.94
agent_190,20,88,20.08
agent_191,10,89,20.16
agent_192,41,98,20.24
agent_193,10,69,20.42
agent_194,32,98,20.44
agent_195,12,77,20.48
agent_196,12,89,20.64
agent_197,21,98,20.81
agent_198,15,88,20.83
agent_199,20,79,21.02
agent_200,13,89,21.48
agent_201,32,79,21.52
agent_202,10,78,21.6
agent_203,11,79,21.62
agent_204,2,89,22.02
agent_205,22,97,22.12
agent_206,20,88,22.46
agent_207,2,98,22.7
agent_208,10,78,22.73
agent_209,11,99,22.83
agent_210,31,99,22.83
agent_211,10,89,23.0
agent_212,0,89,23.14
agent_213,33,88,23.31
agent_214,11,88,23.35
agent_215,11,89,23.51
agent_216,31,79,23.58
agent_217,1,79,23.71
agent_218,2,88,23.72
agent_219,20,97,23.74
agent_220,21,78,23.83
agent_221,2,68,23.83
agent_222,10,97,23.85
agent_223,1,89,23.85
agent_224,11,88,23.99
agent_225,10,89,24.16
agent_226,11,89,24.24
agent_227,32,99,24.37
agent_228,11,77,24.56
agent_229,21,89,24.57
agent_230,22,79,24.61
agent_231,12,99,24.7
agent_232,11,77,24.77
agent_233,2,89,25.16
agent_234,14,77,25.2
agent_235,21,87,25.32
agent_236,5,88,25.64
agent_237,21,97,25.79
agent_238,53,98,25.93
agent_239,30,78,26.03
agent_240,21,88,26.1
agent_241,0,99,26.22
agent_242,21,97,26.51
agent_243,10,89,26.53
agent_244,11,97,26.91
agent_245,3,78,26.96
agent_246,11,79,26.98
agent_247,0,89,26.99
agent_248,21,88,27.18
agent_249,12,88,27.23
agent_250,11,97,27.45
agent_251,12,87,27.66
agent_252,11,88,27.72
agent_253,11,89,27.74
agent_254,1,99,27.81
agent_255,21,69,27.81
agent_256,11,87,27.82
agent_257,2,79,27.94
agent_258,21,89,27.95
agent_259,22,89,27.97
agent_260,11,87,27.98
agent_261,20,99,28.07
agent_262,0,67,28.3
agent_263,2,67,28.34
agent_264,21,89,28.4
agent_265,22,99,28.51
agent_266,2,78,28.68
agent_267,32,99,28.7
agent_268,12,99,28.76
agent_269,2,79,28.8
agent_270,1,89,28.94
agent_271,11,99,29.17
agent_272,14,99,29.3
agent_273,20,98,29.41
agent_274,11,89,29.85
agent_275,2,88,29.88
agent_276,0,88,29.96
agent_277,32,98,30.02
agent_278,3,99,30.08
agent_279,20,99,30.1
agent_280,22,98,30.14
agent_281,21,69,30.55
agent_282,41,89,30.75
agent_283,10,99,30.9
agent_284,10,99,30.93
agent_285,23,99,30.94
agent_286,10,97,31.15
agent_287,3,89,31.34
agent_288,11,98,31.36
agent_289,11,97,31.38
agent_290,1,89,31.43
agent_291,0,89,31.91
agent_292,2,89,32.0
agent_293,20,88,32.03
agent_294,32,88,32.22
agent_295,12,97,32.29
agent_296,10,98,32.33
agent_297,1,98,32.4
agent_298,21,89,32.4
agent_299,11,99,32.45
agent_300,22,99,32.48
agent_301,21,98,32.6
agent_302,0,89,32.72
agent_303,22,98,32.77
agent_304,21,98,32.81
agent_305,10,97,32.87
agent_306,10,99,32.87
agent_307,11,78,33.01
agent_308,2,79,33.14
agent_309,30,89,33.17
agent_310,12,88,33.41
agent_311,11,87,33.52
agent_312,22,87,33.72
agent_313,2,89,33.74
agent_314,2,88,33.87
agent_315,1,89,34.03
agent_316,12,88,34.15
agent_317,11,98,34.39
agent_318,22,78,34.65
agent_319,31,88,34.69
agent_320,11,98,34.71
agent_321,1,99,34.71
agent_322,22,79,34.72
agent_323,22,99,34.82
agent_324,32,98,34.83
agent_325,12,79,34.87
agent_326,14,79,35.05
agent_327,1,97,35.78
agent_328,12,69,36.04
agent_329,11,89,36.27
agent_330,22,79,36.3
agent_331,21,78,36.82
agent_332,20,89,36.84
agent_333,21,88,36.89
agent_334,22,89,37.01
agent_335,21,98,37.16
agent_336,10,99,37.72
agent_337,31,87,37.77
agent_338,0,89,37.82
agent_339,31,99,37.88
agent_340,1,99,38.07
agent_341,11,89,38.29
agent_342,30,79,38.48
agent_343,22,98,38.74
agent_344,32,99,38.77
agent_345,13,77,39.14
agent_346,1,87,39.37
agent_347,1,98,39.45
agent_348,12,89,39.63
agent_349,21,89,39.67
agent_350,1,98,39.72
agent_351,1,88,39.82
agent_352,30,89,39.87
agent_353,20,97,39.95
agent_354,1,99,39.99
agent_355,10,79,40.17
agent_356,1,99,40.18
agent_357,21,99,40.21
agent_358,11,99,40.37
agent_359,3,98,40.41
agent_360,31,99,40.89
agent_361,11,89,40.95
agent_362,22,97,41.09
agent_363,20,89,41.14
agent_364,4,99,41.24
agent_365,21,89,41.29
agent_366,30,87,41.32
agent_367,12,89,41.41
agent_368,22,98,41.41
agent_369,32,87,41.67
agent_370,13,89,41.95
agent_371,11,98,42.0
agent_372,1,88,42.05
agent_373,23,89,42.05
agent_374,22,78,42.14
agent_375,20,88,42.2
agent_376,11,99,42.22
agent_377,1,96,42.31
agent_378,32,99,42.39
agent_379,11,98,42.41
agent_380,10,79,42.43
agent_381,1,79,42.7
agent_382,2,99,42.71
agent_383,20,98,42.76
agent_384,22,98,43.02
agent_385,2,98,43.13
agent_386,21,79,43.18
agent_387,30,98,43.23
agent_388,21,99,43.26
agent_389,13,78,43.34
agent_390,22,79,43.37
agent_391,12,88,43.46
agent_392,10,78,43.62
agent_393,20,89,43.83
agent_394,32,88,43.83
agent_395,20,88,43.95
agent_396,52,77,43.98
agent_397,2,88,44.05
agent_398,12,89,44.1
agent_399,0,79,44.11
agent_400,12,99,44.11
agent_401,21,99,44.23
agent_402,24,97,44.3
agent_403,40,78,44.54
agent_404,23,89,44.66
agent_405,21,99,44.67
agent_406,2,77,44.68
agent_407,3,98,44.72
agent_408,0,99,44.77
agent_409,11,98,44.95
agent_410,10,97,45.08
agent_411,13,88,45.08
agent_412,22,89,45.12
agent_413,1,87,45.3
agent_414,10,89,45.31
agent_415,2,89,45.36
agent_416,21,87,45.38
agent_417,22,59,45.55
agent_418,20,79,45.62
agent_419,13,98,45.66
agent_420,3,89,45.7
agent_421,0,99,45.73
agent_422,1,89,45.76
agent_423,21,99,46.13
agent_424,21,79,46.13
agent_425,21,99,46.14
agent_426,10,89,46.18
agent_427,23,87,46.3
agent_428,11,89,46.36
agent_429,32,97,46.58
agent_430,12,68,46.68
agent_431,20,89,46.94
agent_432,21,99,46.98
agent_433,11,99,47.02
agent_434,20,98,47.16
agent_435,11,87,47.38
agent_436,22,79,47.43
agent_437,0,87,47.46
agent_438,21,99,47.56
agent_439,13,98,47.63
agent_440,1,98,47.66
agent_441,20,79,47.76
agent_442,12,79,47.77
agent_443,1,85,47.83
agent_444,12,86,47.85
agent_445,30,99,47.98
agent_446,23,89,48.11
agent_447,21,98,48.22
agent_448,11,96,48.27
agent_449,1,98,48.36
agent_450,2,78,48.46
agent_451,10,99,48.53
agent_452,0,98,48.56
agent_453,0,98,48.81
agent_454,1,78,48.98
agent_455,30,97,49.12
agent_456,11,88,49.23
agent_457,1,79,49.25
agent_458,13,87,49.29
agent_459,11,99,49.34
agent_460,32,89,49.36
agent_461,13,99,49.48
agent_462,22,69,49.54
agent_463,12,86,49.63
agent_464,2,98,49.65
agent_465,11,79,49.66
agent_466,0,88,49.66
agent_467,23,98,49.66
agent_468,11,88,49.73
agent_469,42,88,49.82
agent_470,11,88,49.97
agent_471,10,98,50.09
agent_472,12,98,50.12
agent_473,11,99,50.29
agent_474,13,99,50.48
agent_475,2,68,50.48
agent_476,22,89,50.65
agent_477,13,99,50.8
agent_478,0,98,50.88
agent_479,22,89,51.06
agent_480,0,99,51.33
agent_481,13,69,51.48
agent_482,10,99,51.54
agent_483,22,99,51.62
agent_484,23,66,51.7
agent_485,10,78,51.72
agent_486,10,99,52.11
agent_487,32,89,52.32
agent_488,0,78,52.44
agent_489,11,88,52.46
agent_490,10,89,52.5
agent_491,21,89,52.54
agent_492,11,77,52.66
agent_493,13,88,52.68
agent_494,2,79,52.77
agent_495,1,99,52.94
agent_496,1,78,52.98
agent_497,23,79,52.98
agent_498,31,89,53.39
agent_499,12,67,53.46
agent_500,10,78,53.68
agent_501,10,97,53.8
agent_502,22,99,54.14
agent_503,2,88,54.23
agent_504,32,89,54.24
agent_505,0,96,54.41
agent_506,10,99,54.51
agent_507,1,98,54.68
agent_508,0,98,54.7
agent_509,0,97,54.73
agent_510,31,88,55.07
agent_511,3,98,55.07
agent_512,32,99,55.21
agent_513,10,67,55.33
agent_514,3,89,55.52
agent_515,30,97,55.74
agent_516,11,99,55.83
agent_517,3,88,56.02
agent_518,2,89,56.25
agent_519,21,88,56.3
agent_520,11,89,56.38
agent_521,30,98,56.51
agent_522,21,97,56.51
agent_523,1,97,56.55
agent_524,31,99,56.69
agent_525,2,98,56.81
agent_526,13,99,56.83
agent_527,10,99,56.86
agent_528,11,89,57.06
agent_529,22,88,57.07
agent_530,11,98,57.12
agent_531,0,79,57.13
agent_532,10,99,57.15
agent_533,0,99,57.19
agent_534,10,89,57.2
agent_535,20,78,57.5
agent_536,0,97,57.65
agent_537,21,97,57.71
agent_538,2,98,57.9
agent_539,22,89,58.1
agent_540,11,88,58.14
agent_541,52,99,58.15
agent_542,20,79,58.26
agent_543,13,98,58.39
agent_544,13,99,58.4
agent_545,22,77,58.41
agent_546,21,97,58.48
agent_547,2,99,58.58
agent_548,11,96,58.89
agent_549,11,89,59.01
agent_550,22,98,59.1
agent_551,10,69,59.19
agent_552,31,89,59.19
agent_553,31,98,59.26
agent_554,12,99,59.34
agent_555,0,79,59.48
agent_556,22,88,59.51
agent_557,2,99,59.57
agent_558,1,98,59.77
agent_559,31,78,60.0
agent_560,11,87,60.3
agent_561,2,97,60.42
agent_562,11,98,60.42
agent_563,21,89,60.47
agent_564,10,89,60.48
agent_565,10,98,60.6
agent_566,21,68,60.69
agent_567,23,89,60.73
agent_568,11,78,61.13
agent_569,11,98,61.15
agent_570,22,98,61.32
agent_571,11,89,61.4
agent_572,2,98,61.42
agent_573,2,98,61.52
agent_574,12,99,61.6
agent_575,21,97,61.61
agent_576,1,89,61.61
agent_577,1,99,61.75
agent_578,0,77,61.82
agent_579,11,97,61.83
agent_580,22,97,61.89
agent_581,10,88,61.9
agent_582,30,78,61.91
agent_583,12,89,62.05
agent_584,1,89,62.31
agent_585,31,88,62.38
agent_586,30,97,62.43
agent_587,13,98,62.45
agent_588,10,78,62.94
agent_589,32,79,62.95
agent_590,21,87,63.13
agent_591,20,99,63.28
agent_592,1,68,63.42
agent_593,12,97,63.67
agent_594,30,99,63.72
agent_595,0,98,63.76
agent_596,11,88,63.81
agent_597,32,79,64.13
agent_598,21,89,64.27
agent_599,30,98,64.39
agent_600,1,78,64.51
agent_601,12,77,64.56
agent_602,12,88,64.61
agent_603,2,99,64.66
agent_604,21,86,64.68
agent_605,2,89,64.7
agent_606,2,69,64.76
agent_607,41,88,64.85
agent_608,21,99,64.85
agent_609,1,98,65.26
agent_610,0,79,65.27
agent_611,22,88,65.43
agent_612,31,79,65.43
agent_613,11,89,65.63
agent_614,20,88,66.05
agent_615,2,96,66.14
agent_616,1,87,66.43
agent_617,1,98,66.82
agent_618,11,76,66.87
agent_619,12,78,66.98
agent_620,10,99,67.11
agent_621,11,98,67.2
agent_622,21,98,67.39
agent_623,12,88,67.47
agent_624,0,99,67.6
agent_625,10,97,67.67
agent_626,10,78,67.72
agent_627,11,79,67.81
agent_628,2,87,68.18
agent_629,11,98,68.32
agent_630,22,99,68.4
agent_631,1,98,68.49
agent_632,12,89,68.55
agent_633,0,79,69.08
agent_634,21,99,69.13
agent_635,11,88,69.16
agent_636,3,79,69.32
agent_637,20,88,69.33
agent_638,12,99,69.45
agent_639,11,98,69.51
agent_640,20,99,69.61
agent_641,21,78,69.9
agent_642,20,89,69.99
agent_643,0,98,70.01
agent_644,21,98,70.23
agent_645,21,99,70.26
agent_646,12,99,70.31
agent_647,20,79,70.32
agent_648,31,98,70.63
agent_649,22,98,71.42
agent_650,2,98,71.78
agent_651,12,58,71.88
agent_652,23,88,72.03
agent_653,30,88,72.07
agent_654,13,67,72.08
agent_655,11,69,72.23
agent_656,11,88,72.42
agent_657,10,78,72.6
agent_658,21,79,72.8
agent_659,13,96,73.0
agent_660,11,98,73.07
agent_661,14,99,73.08
agent_662,23,97,73.13
agent_663,10,89,73.19
agent_664,11,88,73.41
agent_665,1,89,73.82
agent_666,31,79,74.49
agent_667,14,99,74.5
agent_668,32,86,74.55
agent_669,30,88,74.62
agent_670,12,89,74.74
agent_671,12,99,74.81
agent_672,21,99,74.95
agent_673,1,99,75.35
agent_674,11,69,75.45
agent_675,30,88,75.51
agent_676,1,97,75.97
agent_677,1,98,76.23
agent_678,10,88,76.3
agent_679,1,89,76.36
agent_680,2,78,76.73
agent_681,13,89,76.75
agent_682,10,89,76.77
agent_683,13,88,77.16
agent_684,32,99,77.21
agent_685,20,68,77.21
agent_686,21,98,77.35
agent_687,21,99,77.57
agent_688,10,78,77.61
agent_689,12,88,77.72
agent_690,21,99,77.93
agent_691,22,68,78.04
agent_692,20,89,78.09
agent_693,10,99,78.19
agent_694,22,99,78.21
agent_695,1,79,78.21
agent_696,10,98,78.3
agent_697,13,88,78.43
agent_698,13,99,78.65
agent_699,11,99,78.82
agent_700,2,79,78.95
agent_701,0,79,79.1
agent_702,12,98,79.12
agent_703,22,98,79.13
agent_704,20,89,79.24
agent_705,12,89,79.57
agent_706,10,87,79.75
agent_707,20,99,79.82
agent_708,10,89,79.83
agent_709,25,89,80.11
agent_710,20,98,80.45
agent_711,1,89,80.48
agent_712,11,98,80.62
agent_713,11,98,80.69
agent_714,11,99,80.94
agent_715,22,99,80.96
agent_716,12,79,81.0
agent_717,11,98,81.04
agent_718,13,69,81.04
agent_719,2,99,81.3
agent_720,12,79,81.44
agent_721,12,87,81.5
agent_722,2,99,81.59
agent_723,11,88,81.82
agent_724,31,88,81.96
agent_725,21,89,82.09
agent_726,20,88,82.28
agent_727,13,99,82.43
agent_728,1,89,82.46
agent_729,1,78,82.48
agent_730,30,79,82.68
agent_731,22,78,82.76
agent_732,21,89,83.11
agent_733,30,86,83.18
agent_734,10,97,83.21
agent_735,1,79,83.43
agent_736,10,99,83.51
agent_737,12,99,83.62
agent_738,15,89,84.2
agent_739,11,89,84.26
agent_740,41,88,84.48
agent_741,22,77,84.65
agent_742,20,87,84.93
agent_743,21,99,85.16
agent_744,11,98,85.18
agent_745,31,99,85.27
agent_746,13,88,85.34
agent_747,22,78,85.38
agent_748,21,98,85.61
agent_749,22,77,85.94
agent_750,0,99,85.98
agent_751,30,99,86.02
agent_752,13,89,86.42
agent_753,1,79,86.6
agent_754,13,88,86.76
agent_755,21,99,86.91
agent_756,11,89,86.96
agent_757,20,99,87.03
agent_758,2,99,87.23
agent_759,23,78,87.25
agent_760,10,99,87.31
agent_761,21,98,87.32
agent_762,12,98,87.42
agent_763,21,97,87.5
agent_764,22,89,87.62
agent_765,23,79,87.62
agent_766,21,79,87.7
agent_767,12,89,87.76
agent_768,0,68,87.9
agent_769,21,99,88.11
agent_770,3,87,88.33
agent_771,12,67,88.37
agent_772,23,88,88.5
agent_773,13,98,88.66
agent_774,13,97,88.72
agent_775,21,88,88.73
agent_776,4,98,88.94
agent_777,1,99,88.96
agent_778,2,78,88.99
agent_779,22,99,89.03
agent_780,1,98,89.13
agent_781,11,99,89.15
agent_782,2,89,89.36
agent_783,20,99,89.47
agent_784,0,99,89.63
agent_785,10,98,89.79
agent_786,0,89,90.02
agent_787,11,89,90.19
agent_788,31,88,90.23
agent_789,22,89,90.46
agent_790,11,77,90.58
agent_791,32,89,90.74
agent_792,21,99,91.0
agent_793,31,89,91.07
agent_794,20,99,91.08
agent_795,11,99,91.21
agent_796,0,89,91.25
agent_797,23,98,91.26
agent_798,11,99,91.67
agent_799,1,89,91.71
agent_800,3,78,91.88
agent_801,1,78,91.94
agent_802,33,99,91.95
agent_803,42,98,91.98
agent_804,11,79,92.31
agent_805,24,99,92.69
agent_806,1,98,92.75
agent_807,20,69,92.85
agent_808,20,99,92.95
agent_809,0,98,92.95
agent_810,10,79,92.97
agent_811,0,78,93.01
agent_812,42,99,93.05
agent_813,31,89,93.36
agent_814,11,89,93.89
agent_815,11,99,93.92
agent_816,1,99,94.0
agent_817,1,89,94.0
agent_818,2,87,94.53
agent_819,20,89,94.59
agent_820,10,98,94.75
agent_821,11,88,95.37
agent_822,12,98,95.51
agent_823,1,89,95.55
agent_824,11,97,95.68
agent_825,22,89,95.8
agent_826,0,99,95.83
agent_827,40,79,95.99
agent_828,20,98,96.02
agent_829,10,98,96.03
agent_830,33,87,96.13
agent_831,2,99,96.17
agent_832,21,99,96.4
agent_833,2,77,96.51
agent_834,1,99,96.68
agent_835,21,98,96.7
agent_836,31,79,96.82
agent_837,12,88,96.85
agent_838,22,89,96.86
agent_839,21,78,96.91
agent_840,11,79,97.05
agent_841,23,89,97.17
agent_842,22,79,97.35
agent_843,2,69,97.55
agent_844,1,89,97.68
agent_845,40,88,97.76
agent_846,23,79,98.11
agent_847,13,79,98.28
agent_848,1,89,98.37
agent_849,1,99,98.39
agent_850,0,88,98.68
agent_851,12,98,98.72
agent_852,2,89,98.78
agent_853,10,98,99.09
agent_854,22,98,99.09
agent_855,10,89,99.11
agent_856,12,79,99.18
agent_857,13,89,99.25
agent_858,32,88,99.36
agent_859,13,77,99.43
agent_860,22,79,99.68
agent_861,20,98,99.72
agent_862,12,99,99.86
agent_863,11,89,99.9
agent_864,0,87,99.97
agent_865,33,99,100.08
agent_866,1,66,100.13
agent_867,22,88,100.23
agent_868,3,99,100.33
agent_869,12,88,100.44
agent_870,2,69,100.59
agent_871,0,97,100.79
agent_872,1,89,100.79
agent_873,21,99,100.81
agent_874,12,98,100.93
agent_875,21,89,100.95
agent_876,1,98,101.54
agent_877,24,89,101.61
agent_878,32,99,102.13
agent_879,10,79,102.16
agent_880,20,79,102.35
agent_881,30,99,102.42
agent_882,22,69,102.55
agent_883,10,86,102.56
agent_884,12,69,102.62
agent_885,1,89,102.86
agent_886,13,89,102.9
agent_887,23,89,103.62
agent_888,20,89,103.8
agent_889,30,88,103.9
agent_890,15,87,104.06
agent_891,1,78,104.42
agent_892,21,89,104.79
agent_893,21,98,105.01
agent_894,20,89,105.02
agent_895,4,89,105.03
agent_896,12,77,105.15
agent_897,21,78,105.15
agent_898,20,99,105.2
agent_899,23,98,105.34
agent_900,2,98,105.36
agent_901,10,79,105.42
agent_902,23,88,105.44
agent_903,30,69,105.52
agent_904,21,99,105.62
agent_905,14,88,105.72
agent_906,11,98,105.78
agent_907,30,89,105.97
agent_908,10,69,105.99
agent_909,21,86,106.02
agent_910,21,68,106.06
agent_911,4,99,106.07
agent_912,22,99,106.23
agent_913,0,89,106.25
agent_914,1,99,106.35
agent_915,32,67,106.54
agent_916,12,98,106.54
agent_917,10,97,106.7
agent_918,10,89,107.23
agent_919,34,79,107.37
agent_920,10,99,107.46
agent_921,11,89,107.47
agent_922,3,97,107.51
agent_923,12,98,107.55
agent_924,0,69,107.77
agent_925,12,99,108.16
agent_926,1,87,108.3
agent_927,10,99,108.53
agent_928,22,89,108.54
agent_929,13,98,108.54
agent_930,20,99,108.62
agent_931,12,78,108.64
agent_932,53,89,108.73
agent_933,1,87,108.92
agent_934,1,99,108.98
agent_935,2,89,109.3
agent_936,0,88,109.67
agent_937,13,99,109.76
agent_938,10,89,109.85
agent_939,12,99,110.28
agent_940,10,97,110.42
agent_941,10,98,110.43
agent_942,21,77,110.45
agent_943,22,89,110.61
agent_944,33,89,110.73
agent_945,13,68,110.81
agent_946,10,87,111.09
agent_947,2,89,111.14
agent_948,21,79,111.15
agent_949,42,99,111.31
agent_950,0,98,111.32
agent_951,10,89,111.34
agent_952,12,79,111.54
agent_953,2,98,111.64
agent_954,0,99,111.7
agent_955,21,86,111.73
agent_956,0,79,111.73
agent_957,31,89,111.77
agent_958,20,78,111.81
agent_959,3,98,111.88
agent_960,30,98,111.9
agent_961,31,99,111.96
agent_962,0,78,112.03
agent_963,21,99,112.09
agent_964,11,89,112.09
agent_965,20,88,112.1
agent_966,30,88,112.16
agent_967,22,89,112.35
agent_968,12,88,112.54
agent_969,1,98,112.77
agent_970,10,99,112.85
agent_971,1,78,113.08
agent_972,12,87,113.12
agent_973,21,98,113.25
agent_974,11,79,113.39
agent_975,0,97,113.51
agent_976,10,88,113.8
agent_977,22,89,114.25
agent_978,12,78,114.3
agent_979,1,98,114.36
agent_980,11,99,114.37
agent_981,0,96,114.48
agent_982,11,98,114.55
agent_983,12,88,114.7
agent_984,1,97,115.0
agent_985,11,87,115.19
agent_986,20,89,115.19
agent_987,21,98,115.25
agent_988,11,78,115.27
agent_989,10,79,115.3
agent_990,2,98,115.51
agent_991,1,98,115.61
agent_992,22,87,115.72
agent_993,1,89,115.72
agent_994,12,98,115.83
agent_995,13,89,115.91
agent_996,1,89,115.96
agent_997,13,89,116.0
agent_998,12,98,116.05
agent_999,2,98,116.28
agent_1000,23,88,116.32
agent_1001,10,89,116.38
agent_1002,0,98,116.71
agent_1003,2,97,116.75
agent_1004,22,79,116.9
agent_1005,12,99,117.03
agent_1006,0,88,117.06
agent_1007,10,78,117.09
agent_1008,20,99,117.1
agent_1009,11,99,117.13
agent_1010,30,99,117.58
agent_1011,1,99,117.65
agent_1012,0,98,117.69
agent_1013,23,99,117.71
agent_1014,10,79,117.73
agent_1015,20,77,117.96
agent_1016,1,98,118.01
agent_1017,40,99,118.07
agent_1018,32,99,118.12
agent_1019,11,69,118.15
agent_1020,24,89,118.21
agent_1021,13,98,118.35
agent_1022,21,88,118.39
agent_1023,12,98,118.4
agent_1024,13,99,118.45
agent_1025,10,87,118.5
agent_1026,20,89,118.67
agent_1027,12,99,118.77
agent_1028,22,88,119.15
agent_1029,22,88,119.22
agent_1030,1,98,119.23
agent_1031,40,78,119.33
agent_1032,3,88,119.52
agent_1033,11,69,119.56
agent_1034,0,99,119.65
agent_1035,1,88,119.68
agent_1036,31,97,119.92
agent_1037,12,99,119.93
agent_1038,12,68,120.01
agent_1039,21,98,120.1
agent_1040,12,77,120.2
agent_1041,1,87,120.44
agent_1042,22,87,120.46
agent_1043,30,88,120.46
agent_1044,21,96,120.54
agent_1045,2,78,120.6
agent_1046,10,79,121.04
agent_1047,33,98,121.15
agent_1048,30,96,121.2
agent_1049,12,99,121.35
agent_1050,21,89,121.49
agent_1051,0,89,121.62
agent_1052,11,88,121.62
agent_1053,2,78,121.82
agent_1054,11,88,121.97
agent_1055,2,89,122.16
agent_1056,11,96,122.4
agent_1057,21,89,122.43
agent_1058,10,99,122.62
agent_1059,1,99,122.74
agent_1060,20,87,122.9
agent_1061,12,78,123.01
agent_1062,21,99,123.19
agent_1063,1,88,123.23
agent_1064,21,98,123.37
agent_1065,13,88,123.39
agent_1066,30,68,123.77
agent_1067,22,99,123.98
agent_1068,31,88,123.99
agent_1069,2,98,124.0
agent_1070,12,99,124.06
agent_1071,10,89,124.12
agent_1072,20,97,124.23
agent_1073,1,78,124.23
agent_1074,10,98,124.24
agent_1075,22,89,124.58
agent_1076,10,79,124.59
agent_1077,3,89,124.63
agent_1078,1,99,124.68
agent_1079,21,99,124.82
agent_1080,10,88,125.1
agent_1081,10,78,125.59
agent_1082,11,99,125.64
agent_1083,20,99,125.73
agent_1084,10,99,125.78
agent_1085,20,99,125.98
agent_1086,1,78,126.08
agent_1087,22,89,126.35
agent_1088,1,99,126.39
agent_1089,21,87,126.43
agent_1090,30,88,126.83
agent_1091,21,89,126.96
agent_1092,3,77,127.03
agent_1093,2,99,127.07
agent_1094,11,98,127.09
agent_1095,3,87,127.12
agent_1096,0,69,127.32
agent_1097,1,98,127.47
agent_1098,31,97,127.55
agent_1099,20,98,127.69
agent_1100,10,86,127.83
agent_1101,2,98,128.1
agent_1102,11,87,128.23
agent_1103,10,98,128.49
agent_1104,11,99,128.56
agent_1105,22,98,128.77
agent_1106,12,89,128.82
agent_1107,0,88,128.98
agent_1108,12,98,129.05
agent_1109,21,78,129.14
agent_1110,2,99,129.18
agent_1111,32,89,129.41
agent_1112,32,97,129.43
agent_1113,3,78,129.61
agent_1114,10,87,129.67
agent_1115,10,89,129.67
agent_1116,20,89,129.68
agent_1117,0,98,129.84
agent_1118,11,89,129.84
agent_1119,41,69,130.04
agent_1120,21,97,130.04
agent_1121,10,98,130.16
agent_1122,23,99,130.17
agent_1123,22,78,130.36
agent_1124,22,79,130.39
agent_1125,20,99,130.92
agent_1126,0,86,130.94
agent_1127,13,99,130.98
agent_1128,32,99,131.2
agent_1129,1,89,131.23
agent_1130,21,98,131.24
agent_1131,0,99,131.35
agent_1132,32,89,131.43
agent_1133,1,78,131.6
agent_1134,22,99,131.61
agent_1135,10,88,131.67
agent_1136,12,98,131.79
agent_1137,11,99,131.86
agent_1138,2,87,131.98
agent_1139,21,79,132.04
agent_1140,1,78,132.14
agent_1141,21,99,132.17
agent_1142,31,98,132.35
agent_1143,2,88,132.46
agent_1144,11,99,132.59
agent_1145,22,89,132.62
agent_1146,0,98,132.64
agent_1147,22,97,132.66
agent_1148,12,89,132.74
agent_1149,1,99,132.92
agent_1150,2,99,132.99
agent_1151,30,89,133.02
agent_1152,21,99,133.03
agent_1153,13,89,133.27
agent_1154,21,79,133.28
agent_1155,21,89,133.35
agent_1156,1,99,133.47
agent_1157,0,99,133.49
agent_1158,11,78,133.49
agent_1159,21,78,133.53
agent_1160,10,88,133.59
agent_1161,23,98,133.62
agent_1162,11,98,133.82
agent_1163,0,89,133.82
agent_1164,10,79,134.72
agent_1165,10,77,134.82
agent_1166,1,89,134.82
agent_1167,11,88,134.85
agent_1168,13,87,134.97
agent_1169,2,98,135.01
agent_1170,10,89,135.29
agent_1171,11,99,135.31
agent_1172,33,89,135.48
agent_1173,11,79,135.55
agent_1174,21,79,135.63
agent_1175,1,89,135.66
agent_1176,31,88,135.98
agent_1177,40,89,136.22
agent_1178,12,98,136.54
agent_1179,41,85,137.01
agent_1180,14,78,137.31
agent_1181,13,99,137.36
agent_1182,20,99,137.4
agent_1183,1,89,137.47
agent_1184,23,98,137.51
agent_1185,12,87,137.79
agent_1186,12,98,137.85
agent_1187,21,88,137.96
agent_1188,12,98,138.05
agent_1189,12,88,138.17
agent_1190,11,99,138.36
agent_1191,20,98,138.56
agent_1192,21,79,138.62
agent_1193,30,88,138.71
agent_1194,21,99,138.86
agent_1195,22,87,138.9
agent_1196,11,78,139.22
agent_1197,11,89,139.37
agent_1198,21,88,139.59
agent_1199,20,79,140.09
agent_1200,11,99,140.12
agent_1201,10,89,140.23
agent_1202,12,97,140.37
agent_1203,0,79,140.4
agent_1204,10,89,140.41
agent_1205,1,89,140.44
agent_1206,2,98,140.56
agent_1207,12,87,140.57
agent_1208,2,99,140.69
agent_1209,10,98,141.01
agent_1210,21,99,141.04
agent_1211,32,76,141.19
agent_1212,12,69,141.26
agent_1213,11,99,141.32
agent_1214,13,89,141.65
agent_1215,22,89,141.85
agent_1216,12,88,142.0
agent_1217,12,89,142.04
agent_1218,20,88,142.11
agent_1219,11,69,142.3
agent_1220,0,98,142.37
agent_1221,20,99,142.4
agent_1222,11,69,142.42
agent_1223,3,79,142.5
agent_1224,0,78,142.5
agent_1225,41,78,142.56
agent_1226,0,99,143.02
agent_1227,0,99,143.02
agent_1228,21,99,143.06
agent_1229,32,97,143.09
agent_1230,10,97,143.29
agent_1231,41,98,143.39
agent_1232,10,89,143.45
agent_1233,2,88,143.53
agent_1234,22,88,143.54
agent_1235,22,99,143.6
agent_1236,21,88,143.68
agent_1237,2,79,143.74
agent_1238,11,89,143.87
agent_1239,1,98,143.96
agent_1240,0,79,143.99
agent_1241,30,99,144.01
agent_1242,13,99,144.12
agent_1243,4,78,144.43
agent_1244,31,87,144.51
agent_1245,21,69,144.73
agent_1246,21,99,144.87
agent_1247,1,87,144.9
agent_1248,0,89,144.92
agent_1249,1,95,144.97
agent_1250,31,89,145.04
agent_1251,11,87,145.24
agent_1252,13,77,145.25
agent_1253,11,87,145.3
agent_1254,23,98,145.34
agent_1255,0,99,145.35
agent_1256,23,99,145.39
agent_1257,11,68,145.68
agent_1258,1,89,145.85
agent_1259,21,79,145.86
agent_1260,2,98,145.86
agent_1261,2,99,145.89
agent_1262,31,97,146.28
agent_1263,20,97,146.37
agent_1264,12,98,146.41
agent_1265,20,89,146.41
agent_1266,0,99,146.62
agent_1267,11,97,146.7
agent_1268,3,99,146.94
agent_1269,13,89,147.02
agent_1270,0,79,147.12
agent_1271,12,99,147.22
agent_1272,11,97,147.41
agent_1273,3,77,147.67
agent_1274,11,99,147.7
agent_1275,33,98,147.71
agent_1276,1,89,147.74
agent_1277,21,99,147.8
agent_1278,11,88,147.8
agent_1279,21,97,147.83
agent_1280,22,89,147.95
agent_1281,22,79,148.2
agent_1282,23,86,148.24
agent_1283,23,97,148.45
agent_1284,41,99,148.46
agent_1285,0,87,148.58
agent_1286,0,78,148.75
agent_1287,21,98,148.84
agent_1288,12,89,148.87
agent_1289,10,98,148.93
agent_1290,23,89,149.07
agent_1291,12,87,149.14
agent_1292,0,89,149.4
agent_1293,11,99,149.42
agent_1294,11,99,149.47
agent_1295,10,89,149.52
agent_1296,3,89,149.8
agent_1297,0,78,149.82
agent_1298,13,98,149.83
agent_1299,1,99,149.93
agent_1300,10,88,150.0
agent_1301,0,78,150.09
agent_1302,20,99,150.29
agent_1303,12,99,150.46
agent_1304,13,88,150.64
agent_1305,32,97,150.95
agent_1306,23,89,150.98
agent_1307,21,86,151.01
agent_1308,40,89,151.04
agent_1309,22,98,151.11
agent_1310,12,78,151.16
agent_1311,0,88,151.77
agent_1312,11,69,152.04
agent_1313,20,89,152.12
agent_1314,22,99,152.28
agent_1315,1,88,152.32
agent_1316,11,98,152.34
agent_1317,21,66,152.56
agent_1318,3,99,152.66
agent_1319,2,85,152.72
agent_1320,0,99,152.79
agent_1321,42,88,152.83
agent_1322,11,95,153.23
agent_1323,1,89,153.31
agent_1324,3,99,153.53
agent_1325,21,67,153.59
agent_1326,1,98,153.68
agent_1327,0,89,153.78
agent_1328,2,99,153.81
agent_1329,11,98,153.91
agent_1330,11,89,154.28
agent_1331,20,99,154.3
agent_1332,2,99,154.61
agent_1333,2,79,154.65
agent_1334,1,89,154.69
agent_1335,1,99,154.71
agent_1336,20,89,154.73
agent_1337,20,97,155.05
agent_1338,10,97,155.06
agent_1339,1,78,155.18
agent_1340,21,89,155.28
agent_1341,1,88,155.29
agent_1342,22,87,155.46
agent_1343,12,99,155.55
agent_1344,21,96,155.64
agent_1345,12,99,155.65
agent_1346,10,98,155.97
agent_1347,1,99,156.02
agent_1348,3,79,156.03
agent_1349,2,99,156.05
agent_1350,12,97,156.08
agent_1351,2,88,156.46
agent_1352,21,99,156.55
agent_1353,12,99,156.61
agent_1354,1,78,156.7
agent_1355,20,99,156.73
agent_1356,33,98,156.81
agent_1357,12,78,157.05
agent_1358,32,89,157.11
agent_1359,20,88,157.18
agent_1360,23,99,157.22
agent_1361,31,89,157.27
agent_1362,1,99,157.31
agent_1363,0,78,157.35
agent_1364,2,88,157.51
agent_1365,11,79,157.54
agent_1366,0,98,157.59
agent_1367,2,97,157.63
agent_1368,11,99,157.75
agent_1369,10,99,157.88
agent_1370,1,98,157.93
agent_1371,1,69,157.94
agent_1372,20,89,157.96
agent_1373,2,67,157.97
agent_1374,22,89,158.01
agent_1375,20,99,158.12
agent_1376,31,79,158.17
agent_1377,12,98,158.53
agent_1378,3,89,158.63
agent_1379,11,88,158.72
agent_1380,13,99,158.79
agent_1381,0,98,158.79
agent_1382,1,99,158.89
agent_1383,5,78,158.92
agent_1384,20,99,158.93
agent_1385,32,97,158.98
agent_1386,33,97,159.08
agent_1387,22,99,159.15
agent_1388,30,98,159.24
agent_1389,12,97,159.26
agent_1390,24,74,159.34
agent_1391,0,99,159.6
agent_1392,11,78,159.6
agent_1393,12,88,159.7
agent_1394,21,97,159.73
agent_1395,10,99,159.8
agent_1396,11,99,160.01
agent_1397,0,99,160.2
agent_1398,11,89,160.2
agent_1399,13,97,160.39
agent_1400,31,89,160.4
agent_1401,12,89,160.53
agent_1402,0,67,160.54
agent_1403,21,89,160.54
agent_1404,21,89,160.56
agent_1405,20,68,160.58
agent_1406,21,99,160.59
agent_1407,22,99,160.72
agent_1408,21,88,160.87
agent_1409,31,89,160.96
agent_1410,21,99,161.0
agent_1411,3,98,161.03
agent_1412,20,89,161.23
agent_1413,0,89,161.25
agent_1414,0,89,161.46
agent_1415,1,99,161.61
agent_1416,0,97,161.72
agent_1417,40,99,161.91
agent_1418,12,88,162.1
agent_1419,30,89,162.13
agent_1420,3,88,162.16
agent_1421,14,88,162.46
agent_1422,10,88,162.53
agent_1423,22,99,162.57
agent_1424,2,58,162.61
agent_1425,22,98,162.63
agent_1426,11,99,162.71
agent_1427,10,88,162.82
agent_1428,32,79,163.18
agent_1429,2,78,163.5
agent_1430,14,87,163.51
agent_1431,10,88,163.55
agent_1432,30,78,163.58
agent_1433,21,88,163.99
agent_1434,22,78,164.34
agent_1435,33,89,164.42
agent_1436,30,99,164.54
agent_1437,11,99,164.92
agent_1438,12,98,164.92
agent_1439,12,99,164.94
agent_1440,10,89,164.99
agent_1441,2,99,165.03
agent_1442,22,87,165.07
agent_1443,20,79,165.4
agent_1444,10,97,165.55
agent_1445,22,99,165.65
agent_1446,12,99,165.86
agent_1447,20,87,166.17
agent_1448,1,59,166.19
agent_1449,0,89,166.53
agent_1450,15,99,166.7
agent_1451,10,88,166.76
agent_1452,20,99,166.96
agent_1453,32,98,167.18
agent_1454,24,98,167.23
agent_1455,13,89,167.28
agent_1456,21,99,167.29
agent_1457,12,97,167.38
agent_1458,10,79,167.61
agent_1459,30,79,167.61
agent_1460,22,88,167.88
agent_1461,32,78,168.01
agent_1462,12,99,168.15
agent_1463,21,79,168.19
agent_1464,30,97,168.27
agent_1465,22,98,168.28
agent_1466,0,69,168.33
agent_1467,11,88,168.53
agent_1468,0,77,168.72
agent_1469,31,99,168.72
agent_1470,20,88,168.73
agent_1471,1,99,168.79
agent_1472,11,88,169.08
agent_1473,31,79,169.23
agent_1474,23,98,169.35
agent_1475,13,95,169.5
agent_1476,2,88,169.6
agent_1477,0,99,169.61
agent_1478,1,99,169.77
agent_1479,12,88,169.9
agent_1480,22,78,170.02
agent_1481,1,98,170.05
agent_1482,1,99,170.19
agent_1483,11,98,170.24
agent_1484,11,99,171.17
agent_1485,20,87,171.44
agent_1486,20,87,171.77
agent_1487,13,99,171.83
agent_1488,20,98,172.05
agent_1489,30,88,172.05
agent_1490,13,99,172.15
agent_1491,20,78,172.26
agent_1492,42,98,172.53
agent_1493,33,87,172.7
agent_1494,22,87,172.91
agent_1495,3,96,172.94
agent_1496,1,88,172.97
agent_1497,11,79,173.07
agent_1498,1,98,173.81
agent_1499,1,88,173.9
agent_1500,13,99,174.09
agent_1501,20,97,174.22
agent_1502,11,88,174.25
agent_1503,2,89,174.31
agent_1504,20,99,174.78
agent_1505,40,99,175.4
agent_1506,12,79,175.48
agent_1507,41,88,175.78
agent_1508,11,97,175.83
agent_1509,21,98,175.84
agent_1510,10,99,175.87
agent_1511,12,89,175.9
agent_1512,1,98,176.06
agent_1513,3,96,176.14
agent_1514,21,99,176.15
agent_1515,21,89,176.56
agent_1516,0,99,176.6
agent_1517,13,89,176.69
agent_1518,22,99,176.84
agent_1519,31,89,176.95
agent_1520,3,98,176.95
agent_1521,24,89,177.17
agent_1522,42,78,177.36
agent_1523,0,85,177.58
agent_1524,13,87,177.68
agent_1525,10,99,177.68
agent_1526,20,88,177.92
agent_1527,2,88,177.94
agent_1528,10,89,177.95
agent_1529,10,98,178.03
agent_1530,10,89,178.34
agent_1531,3,79,178.42
agent_1532,21,98,178.46
agent_1533,1,59,178.46
agent_1534,22,99,178.61
agent_1535,10,89,178.65
agent_1536,21,79,178.96
agent_1537,11,98,179.03
agent_1538,1,79,179.13
agent_1539,22,99,179.19
agent_1540,20,99,179.23
agent_1541,23,87,179.86
agent_1542,12,97,179.86
agent_1543,1,99,180.01
agent_1544,11,88,180.24
agent_1545,20,88,180.5
agent_1546,10,79,180.72
agent_1547,21,98,180.88
agent_1548,24,99,181.36
agent_1549,22,78,181.48
agent_1550,20,86,181.7
agent_1551,11,99,181.88
agent_1552,10,99,181.96
agent_1553,32,67,182.2
agent_1554,10,99,182.24
agent_1555,20,79,182.65
agent_1556,31,78,182.7
agent_1557,32,89,182.75
agent_1558,12,89,182.82
agent_1559,1,87,182.84
agent_1560,3,79,183.04
agent_1561,10,99,183.29
agent_1562,21,97,183.31
agent_1563,1,79,183.36
agent_1564,20,99,183.4
agent_1565,21,97,183.43
agent_1566,2,99,183.56
agent_1567,22,98,183.6
agent_1568,13,88,183.91
agent_1569,20,89,183.98
agent_1570,1,78,184.21
agent_1571,10,99,184.75
agent_1572,31,99,184.81
agent_1573,22,98,184.83
agent_1574,11,99,184.88
agent_1575,2,89,184.93
agent_1576,2,78,185.05
agent_1577,21,79,185.08
agent_1578,10,88,185.84
agent_1579,21,86,186.05
agent_1580,0,88,186.19
agent_1581,10,99,186.24
agent_1582,22,79,186.32
agent_1583,31,97,186.56
agent_1584,20,98,186.6
agent_1585,0,98,186.69
agent_1586,22,79,186.76
agent_1587,34,89,186.77
agent_1588,11,88,187.07
agent_1589,1,99,187.36
agent_1590,24,99,187.45
agent_1591,21,88,187.53
agent_1592,33,88,187.66
agent_1593,30,96,187.71
agent_1594,0,99,187.86
agent_1595,1,78,187.96
agent_1596,22,98,188.1
agent_1597,0,97,188.15
agent_1598,12,98,188.26
agent_1599,12,98,188.32
agent_1600,13,86,188.35
agent_1601,11,78,188.58
agent_1602,1,89,188.62
agent_1603,11,87,188.72
agent_1604,22,99,189.08
agent_1605,0,96,189.2
agent_1606,10,78,189.3
agent_1607,3,87,189.35
agent_1608,2,98,189.53
agent_1609,22,78,189.54
agent_1610,21,98,189.94
agent_1611,2,87,190.02
agent_1612,11,89,190.24
agent_1613,12,99,190.33
agent_1614,21,88,190.38
agent_1615,23,97,190.42
agent_1616,23,99,190.67
agent_1617,30,98,190.72
agent_1618,10,99,191.01
agent_1619,31,98,191.25
agent_1620,11,88,191.27
agent_1621,11,79,191.28
agent_1622,10,99,191.42
agent_1623,3,99,191.64
agent_1624,0,99,191.94
agent_1625,11,99,192.1
agent_1626,21,99,192.15
agent_1627,13,87,192.35
agent_1628,23,99,192.35
agent_1629,22,98,192.41
agent_1630,12,78,192.54
agent_1631,11,86,192.88
agent_1632,24,98,192.91
agent_1633,11,97,193.11
agent_1634,21,88,193.82
agent_1635,11,99,193.94
agent_1636,5,89,193.98
agent_1637,10,89,194.02
agent_1638,32,77,194.22
agent_1639,12,89,194.38
agent_1640,10,89,194.44
agent_1641,21,97,194.58
agent_1642,11,98,194.8
agent_1643,20,89,194.83
agent_1644,2,99,194.96
agent_1645,31,79,195.05
agent_1646,32,99,195.23
agent_1647,22,99,195.3
agent_1648,10,87,195.37
agent_1649,0,99,195.65
agent_1650,1,99,195.8
agent_1651,20,98,195.88
agent_1652,10,88,195.89
agent_1653,12,99,196.27
agent_1654,11,99,196.36
agent_1655,30,89,196.52
agent_1656,13,99,196.6
agent_1657,1,85,196.68
agent_1658,12,98,196.82
agent_1659,13,89,196.93
agent_1660,0,89,196.99
agent_1661,2,87,197.0
agent_1662,12,99,197.04
agent_1663,23,99,197.07
agent_1664,3,89,197.08
agent_1665,12,98,197.21
agent_1666,2,99,197.38
agent_1667,12,78,197.63
agent_1668,41,88,197.65
agent_1669,3,99,197.67
agent_1670,20,96,197.68
agent_1671,11,79,197.75
agent_1672,20,89,197.9
agent_1673,1,96,197.95
agent_1674,13,99,198.18
agent_1675,4,77,198.22
agent_1676,22,99,198.31
agent_1677,32,99,198.31
agent_1678,1,98,198.46
agent_1679,12,88,198.62
agent_1680,1,99,198.72
agent_1681,4,87,198.96
agent_1682,13,88,198.97
agent_1683,1,77,199.12
agent_1684,12,99,199.29
agent_1685,1,99,199.58
agent_1686,1,78,199.64
agent_1687,30,88,199.78
agent_1688,12,89,199.9
agent_1689,13,99,199.94
agent_1690,21,89,200.06
agent_1691,31,98,200.1
agent_1692,22,79,200.32
agent_1693,1,97,200.49
agent_1694,22,89,200.54
agent_1695,12,98,200.6
agent_1696,21,87,200.69
agent_1697,12,88,200.71
agent_1698,1,89,200.87
agent_1699,10,99,201.18
agent_1700,13,89,201.76
agent_1701,22,99,202.13
agent_1702,1,59,202.16
agent_1703,2,87,202.79
agent_1704,22,99,203.04
agent_1705,10,89,203.11
agent_1706,23,98,203.26
agent_1707,0,98,203.35
agent_1708,20,79,203.36
agent_1709,11,89,203.44
agent_1710,1,89,203.69
agent_1711,10,68,203.74
agent_1712,31,96,203.91
agent_1713,2,99,203.94
agent_1714,22,96,204.04
agent_1715,12,88,204.04
agent_1716,11,98,204.2
agent_1717,11,57,204.21
agent_1718,11,89,204.27
agent_1719,23,89,204.29
agent_1720,0,98,204.3
agent_1721,1,87,204.32
agent_1722,1,89,204.95
agent_1723,12,98,205.05
agent_1724,21,88,205.17
agent_1725,0,88,205.17
agent_1726,32,88,205.24
agent_1727,12,99,205.52
agent_1728,31,98,205.65
agent_1729,10,98,205.89
agent_1730,11,89,206.26
agent_1731,12,98,206.38
agent_1732,11,96,206.41
agent_1733,13,98,206.47
agent_1734,12,79,206.51
agent_1735,30,77,206.55
agent_1736,0,97,206.67
agent_1737,21,99,207.53
agent_1738,12,69,207.73
agent_1739,10,98,207.89
agent_1740,2,78,207.92
agent_1741,40,99,208.04
agent_1742,11,99,208.34
agent_1743,3,98,208.45
agent_1744,21,88,208.49
agent_1745,11,87,208.56
agent_1746,0,89,208.72
agent_1747,2,99,208.79
agent_1748,22,88,208.9
agent_1749,31,98,209.05
agent_1750,1,95,209.22
agent_1751,11,99,209.38
agent_1752,11,99,209.79
agent_1753,11,89,209.79
agent_1754,21,89,210.11
agent_1755,12,89,210.15
agent_1756,20,89,210.18
agent_1757,12,99,210.24
agent_1758,12,89,210.25
agent_1759,0,98,210.41
agent_1760,12,98,210.45
agent_1761,1,98,210.64
agent_1762,1,99,210.98
agent_1763,22,88,211.02
agent_1764,12,99,211.08
agent_1765,0,98,211.28
agent_1766,11,97,211.33
agent_1767,41,88,211.4
agent_1768,21,89,211.44
agent_1769,30,99,211.62
agent_1770,11,98,211.97
agent_1771,22,99,211.97
agent_1772,13,78,212.03
agent_1773,21,76,212.6
agent_1774,11,79,212.61
agent_1775,40,89,212.66
agent_1776,20,89,212.7
agent_1777,1,99,212.83
agent_1778,23,99,212.93
agent_1779,2,89,212.94
agent_1780,21,99,213.04
agent_1781,0,97,213.09
agent_1782,12,99,213.27
agent_1783,4,98,213.4
agent_1784,12,78,213.41
agent_1785,10,69,214.02
agent_1786,31,98,214.2
agent_1787,11,89,214.21
agent_1788,11,98,214.24
agent_1789,20,99,214.28
agent_1790,20,98,214.29
agent_1791,11,97,214.51
agent_1792,10,97,214.51
agent_1793,4,99,214.83
agent_1794,10,98,215.06
agent_1795,22,87,215.14
agent_1796,10,98,215.21
agent_1797,1,99,215.22
agent_1798,21,78,215.3
agent_1799,41,58,215.31
agent_1800,20,98,215.33
agent_1801,31,98,215.45
agent_1802,2,89,215.57
agent_1803,11,88,215.6
agent_1804,1,78,215.71
agent_1805,21,99,215.74
agent_1806,11,78,215.86
agent_1807,20,99,215.92
agent_1808,1,86,216.14
agent_1809,23,79,216.32
agent_1810,3,88,216.52
agent_1811,42,89,216.56
agent_1812,21,99,216.57
agent_1813,4,99,216.67
agent_1814,22,97,216.67
agent_1815,21,99,216.82
agent_1816,21,99,216.82
agent_1817,11,99,217.0
agent_1818,12,79,217.19
agent_1819,12,98,217.41
agent_1820,12,78,217.83
agent_1821,11,78,218.07
agent_1822,22,79,218.47
agent_1823,41,99,218.5
agent_1824,2,79,218.76
agent_1825,10,49,218.84
agent_1826,5,77,219.02
agent_1827,10,88,219.02
agent_1828,0,79,219.26
agent_1829,11,99,219.28
agent_1830,20,99,219.36
agent_1831,0,87,219.6
agent_1832,0,97,220.05
agent_1833,1,99,220.08
agent_1834,21,99,220.15
agent_1835,10,98,220.16
agent_1836,22,78,220.39
agent_1837,32,89,220.43
agent_1838,11,89,220.94
agent_1839,2,89,220.95
agent_1840,24,98,220.96
agent_1841,10,98,221.09
agent_1842,2,97,221.26
agent_1843,23,78,221.37
agent_1844,1,99,221.89
agent_1845,12,88,222.37
agent_1846,10,88,222.38
agent_1847,0,98,222.43
agent_1848,22,98,222.75
agent_1849,12,88,222.98
agent_1850,1,79,223.08
agent_1851,21,98,223.21
agent_1852,22,98,223.89
agent_1853,12,89,224.43
agent_1854,24,99,224.46
agent_1855,21,77,224.49
agent_1856,2,89,224.77
agent_1857,24,88,224.78
agent_1858,14,99,224.81
agent_1859,22,99,224.84
agent_1860,20,87,225.41
agent_1861,10,97,225.44
agent_1862,0,99,225.47
agent_1863,31,89,225.47
agent_1864,21,98,225.54
agent_1865,10,89,225.62
agent_1866,12,99,225.67
agent_1867,12,88,225.68
agent_1868,11,78,225.91
agent_1869,21,87,226.03
agent_1870,12,97,226.08
agent_1871,10,88,226.16
agent_1872,12,88,226.29
agent_1873,1,88,226.6
agent_1874,21,76,226.69
agent_1875,22,99,227.05
agent_1876,0,88,227.07
agent_1877,11,99,227.09
agent_1878,0,99,227.13
agent_1879,22,99,227.16
agent_1880,1,69,227.23
agent_1881,0,99,227.74
agent_1882,21,97,227.77
agent_1883,2,88,228.03
agent_1884,21,99,228.2
agent_1885,11,89,228.25
agent_1886,1,97,228.32
agent_1887,21,99,228.48
agent_1888,12,98,228.7
agent_1889,10,99,229.1
agent_1890,0,79,229.19
agent_1891,1,77,229.26
agent_1892,30,78,229.28
agent_1893,21,79,229.48
agent_1894,23,88,229.63
agent_1895,13,99,229.65
agent_1896,21,78,229.68
agent_1897,33,89,230.05
agent_1898,20,99,230.08
agent_1899,1,99,230.2
agent_1900,20,98,230.26
agent_1901,12,97,230.51
agent_1902,2,78,230.9
agent_1903,30,98,231.15
agent_1904,21,99,231.32
agent_1905,31,99,231.44
agent_1906,0,99,231.57
agent_1907,20,99,231.58
agent_1908,22,97,231.62
agent_1909,11,88,232.18
agent_1910,22,99,232.21
agent_1911,21,87,232.3
agent_1912,1,89,232.54
agent_1913,21,99,232.57
agent_1914,1,98,232.59
agent_1915,10,99,232.59
agent_1916,1,88,232.75
agent_1917,1,99,233.28
agent_1918,1,99,233.38
agent_1919,11,89,233.44
agent_1920,31,88,233.46
agent_1921,4,79,233.88
agent_1922,12,88,233.9
agent_1923,0,88,233.99
agent_1924,10,96,234.01
agent_1925,20,88,234.46
agent_1926,10,99,234.77
agent_1927,12,99,234.93
agent_1928,22,88,235.39
agent_1929,21,88,235.61
agent_1930,10,99,235.7
agent_1931,1,77,235.72
agent_1932,0,98,235.77
agent_1933,30,99,235.91
agent_1934,10,88,235.98
agent_1935,30,88,236.05
agent_1936,0,89,236.11
agent_1937,2,99,236.18
agent_1938,13,99,236.75
agent_1939,0,88,236.87
agent_1940,0,89,237.03
agent_1941,12,86,237.3
agent_1942,1,97,237.31
agent_1943,32,78,237.62
agent_1944,33,88,237.91
agent_1945,10,89,238.69
agent_1946,0,99,238.74
agent_1947,12,78,239.03
agent_1948,31,89,239.09
agent_1949,30,99,239.29
agent_1950,30,99,239.36
agent_1951,11,78,239.46
agent_1952,11,95,239.56
agent_1953,32,87,239.86
agent_1954,31,99,239.99
agent_1955,11,99,239.99
agent_1956,12,98,240.01
agent_1957,31,79,240.05
agent_1958,13,98,240.06
agent_1959,10,99,240.37
agent_1960,21,99,240.63
agent_1961,2,98,240.79
agent_1962,31,97,241.12
agent_1963,0,79,241.16
agent_1964,2,89,241.18
agent_1965,23,97,241.45
agent_1966,3,97,241.49
agent_1967,31,89,241.78
agent_1968,11,98,241.91
agent_1969,1,98,242.05
agent_1970,1,77,242.07
agent_1971,12,87,242.32
agent_1972,0,97,242.41
agent_1973,20,98,242.64
agent_1974,21,89,242.79
agent_1975,12,88,243.0
agent_1976,3,98,243.06
agent_1977,22,98,243.09
agent_1978,2,88,243.15
agent_1979,12,88,243.34
agent_1980,1,89,243.35
agent_1981,20,78,243.46
agent_1982,21,99,244.26
agent_1983,31,98,244.33
agent_1984,21,98,244.77
agent_1985,1,88,244.81
agent_1986,2,98,244.89
agent_1987,11,89,244.98
agent_1988,22,99,245.28
agent_1989,11,77,245.42
agent_1990,12,99,245.47
agent_1991,30,87,245.59
agent_1992,12,69,245.61
agent_1993,13,99,245.7
agent_1994,20,68,245.73
agent_1995,31,67,245.97
agent_1996,11,89,246.33
agent_1997,22,89,246.59
agent_1998,20,99,246.79
agent_1999,13,77,247.19
agent_2000,0,96,247.43
agent_2001,21,99,247.59
agent_2002,12,99,247.67
agent_2003,20,99,247.68
agent_2004,22,98,247.72
agent_2005,20,88,247.78
agent_2006,0,89,248.03
agent_2007,20,89,248.25
agent_2008,21,88,248.51
agent_2009,31,89,248.59
agent_2010,12,89,248.68
agent_2011,22,99,248.74
agent_2012,0,89,249.07
agent_2013,0,87,249.09
agent_2014,22,79,249.18
agent_2015,11,89,249.22
agent_2016,30,78,249.28
agent_2017,21,86,249.38
agent_2018,0,88,249.56
agent_2019,21,78,249.66
agent_2020,12,68,249.8
agent_2021,1,68,249.86
agent_2022,2,77,249.87
agent_2023,12,69,249.94
agent_2024,2,99,250.04
agent_2025,21,99,250.07
agent_2026,1,89,250.11
agent_2027,10,99,250.3
agent_2028,12,88,250.34
agent_2029,1,88,250.5
agent_2030,13,88,250.61
agent_2031,11,99,250.7
agent_2032,0,88,250.74
agent_2033,1,88,250.74
agent_2034,21,69,250.8
agent_2035,31,88,250.84
agent_2036,32,98,251.01
agent_2037,22,98,251.14
agent_2038,22,76,251.26
agent_2039,30,98,251.9
agent_2040,20,98,252.04
agent_2041,13,97,252.12
agent_2042,1,99,252.26
agent_2043,1,88,252.31
agent_2044,0,99,252.38
agent_2045,22,98,252.56
agent_2046,10,89,252.62
agent_2047,3,88,252.77
agent_2048,10,98,253.14
agent_2049,21,88,253.34
agent_2050,12,87,253.36
agent_2051,21,87,253.36
agent_2052,20,97,253.37
agent_2053,3,88,253.39
agent_2054,12,98,253.46
agent_2055,40,89,253.6
agent_2056,31,98,253.7
agent_2057,21,88,253.95
agent_2058,30,99,254.2
agent_2059,10,99,254.28
agent_2060,32,88,254.38
agent_2061,0,99,254.38
agent_2062,1,89,254.62
agent_2063,10,89,254.71
agent_2064,21,78,254.88
agent_2065,22,99,255.05
agent_2066,21,99,255.24
agent_2067,21,99,255.27
agent_2068,22,89,255.34
agent_2069,21,79,255.41
agent_2070,24,89,255.66
agent_2071,20,88,255.69
agent_2072,2,87,255.69
agent_2073,22,89,255.7
agent_2074,21,97,255.75
agent_2075,2,88,255.96
agent_2076,10,89,256.11
agent_2077,21,99,256.18
agent_2078,22,89,256.21
agent_2079,10,78,256.22
agent_2080,10,78,256.23
agent_2081,20,78,256.42
agent_2082,2,99,256.57
agent_2083,12,87,256.6
agent_2084,12,99,256.77
agent_2085,20,87,256.82
agent_2086,12,97,257.05
agent_2087,21,88,257.32
agent_2088,11,98,257.64
agent_2089,32,88,257.7
agent_2090,21,89,257.91
agent_2091,31,78,258.03
agent_2092,2,78,258.12
agent_2093,21,99,258.23
agent_2094,22,99,258.26
agent_2095,21,89,258.52
agent_2096,11,88,258.8
agent_2097,10,99,258.95
agent_2098,3,98,259.2
agent_2099,21,97,259.22
agent_2100,30,87,259.5
agent_2101,2,77,259.72
agent_2102,3,89,260.03
agent_2103,21,88,260.05
agent_2104,11,89,260.17
agent_2105,12,88,260.97
agent_2106,13,68,261.0
agent_2107,3,89,261.23
agent_2108,10,99,261.65
agent_2109,20,96,261.76
agent_2110,31,89,261.86
agent_2111,10,79,262.5
agent_2112,30,87,262.6
agent_2113,20,99,262.74
agent_2114,10,89,262.89
agent_2115,1,77,262.9
agent_2116,21,87,263.03
agent_2117,13,98,263.36
agent_2118,23,99,263.64
agent_2119,0,99,263.87
agent_2120,0,99,263.94
agent_2121,20,99,263.97
agent_2122,3,88,264.33
agent_2123,13,89,264.45
agent_2124,22,89,264.49
agent_2125,11,89,264.63
agent_2126,11,88,264.92
agent_2127,31,89,265.92
agent_2128,11,89,266.03
agent_2129,1,88,266.04
agent_2130,10,78,266.55
agent_2131,32,98,266.65
agent_2132,12,89,266.66
agent_2133,2,87,266.8
agent_2134,13,99,266.89
agent_2135,2,99,266.93
agent_2136,10,88,266.97
agent_2137,11,97,267.03
agent_2138,11,99,267.32
agent_2139,1,85,267.48
agent_2140,2,98,267.51
agent_2141,0,98,267.7
agent_2142,21,88,267.92
agent_2143,2,98,268.04
agent_2144,2,99,268.34
agent_2145,20,79,268.45
agent_2146,11,88,268.48
agent_2147,1,59,268.5
agent_2148,0,99,268.52
agent_2149,0,89,268.58
agent_2150,1,99,268.94
agent_2151,10,79,269.03
agent_2152,0,98,269.12
agent_2153,20,99,269.28
agent_2154,21,79,269.3
agent_2155,3,89,269.36
agent_2156,2,99,270.03
agent_2157,21,88,270.12
agent_2158,11,78,270.18
agent_2159,30,89,270.53
agent_2160,10,98,270.57
agent_2161,11,98,270.76
agent_2162,21,98,270.86
agent_2163,10,89,271.11
agent_2164,21,99,271.15
agent_2165,32,89,271.3
agent_2166,10,99,271.35
agent_2167,0,69,271.47
agent_2168,12,69,271.98
agent_2169,11,79,272.29
agent_2170,22,88,272.31
agent_2171,12,98,272.68
agent_2172,11,99,272.87
agent_2173,11,89,273.07
agent_2174,2,87,273.54
agent_2175,1,98,273.65
agent_2176,12,79,273.75
agent_2177,12,98,273.81
agent_2178,22,87,273.82
agent_2179,21,79,273.84
agent_2180,30,99,273.85
agent_2181,11,99,274.28
agent_2182,12,99,274.82
agent_2183,12,99,275.23
agent_2184,10,99,275.27
agent_2185,11,88,275.33
agent_2186,24,97,275.74
agent_2187,0,87,276.01
agent_2188,3,98,276.08
agent_2189,2,89,276.22
agent_2190,11,89,276.29
agent_2191,30,79,276.37
agent_2192,1,88,276.59
agent_2193,11,98,276.61
agent_2194,23,99,276.68
agent_2195,2,98,276.84
agent_2196,3,99,277.06
agent_2197,0,88,277.39
agent_2198,20,87,277.57
agent_2199,11,68,277.86
agent_2200,12,87,278.18
agent_2201,2,98,278.53
agent_2202,11,98,278.61
agent_2203,11,99,278.64
agent_2204,12,98,278.69
agent_2205,11,86,279.32
agent_2206,21,99,279.61
agent_2207,30,79,279.82
agent_2208,10,99,280.01
agent_2209,2,89,280.55
agent_2210,11,89,280.89
agent_2211,11,99,281.29
agent_2212,31,88,281.57
agent_2213,11,99,281.77
agent_2214,43,98,281.95
agent_2215,20,96,282.2
agent_2216,22,77,282.37
agent_2217,11,99,282.5
agent_2218,1,89,282.63
agent_2219,22,99,283.11
agent_2220,41,99,283.25
agent_2221,13,79,283.6
agent_2222,11,98,283.61
agent_2223,23,99,283.65
agent_2224,11,89,283.66
agent_2225,13,99,283.93
agent_2226,11,59,284.2
agent_2227,3,88,284.29
agent_2228,23,98,284.32
agent_2229,0,79,284.35
agent_2230,30,99,284.51
agent_2231,21,98,284.78
agent_2232,10,87,285.36
agent_2233,40,99,285.49
agent_2234,1,89,285.68
agent_2235,0,98,285.81
agent_2236,41,89,286.24
agent_2237,12,98,286.67
agent_2238,2,99,286.74
agent_2239,21,87,286.99
agent_2240,1,99,287.16
agent_2241,10,87,287.33
agent_2242,20,99,287.34
agent_2243,10,87,287.41
agent_2244,11,98,287.61
agent_2245,2,98,287.65
agent_2246,2,89,288.0
agent_2247,0,87,288.02
agent_2248,10,99,288.13
agent_2249,12,99,288.38
agent_2250,11,87,288.38
agent_2251,22,76,288.5
agent_2252,11,99,288.76
agent_2253,1,87,288.9
agent_2254,10,99,288.92
agent_2255,3,97,289.09
agent_2256,20,99,289.1
agent_2257,11,87,289.43
agent_2258,20,99,289.71
agent_2259,2,88,289.74
agent_2260,32,97,289.91
agent_2261,31,88,289.99
agent_2262,10,98,290.16
agent_2263,20,88,290.31
agent_2264,2,99,290.41
agent_2265,22,98,290.54
agent_2266,10,89,290.57
agent_2267,2,89,291.12
agent_2268,11,98,291.26
agent_2269,0,78,291.8
agent_2270,2,78,291.98
agent_2271,1,99,292.0
agent_2272,1,77,292.14
agent_2273,2,89,292.6
agent_2274,11,78,292.62
agent_2275,11,89,293.11
agent_2276,31,98,293.28
agent_2277,23,88,293.29
agent_2278,10,89,293.6
agent_2279,3,98,294.15
agent_2280,23,99,294.64
agent_2281,0,99,294.77
agent_2282,30,79,294.83
agent_2283,31,87,295.04
agent_2284,10,99,295.37
agent_2285,22,98,295.54
agent_2286,11,89,295.71
agent_2287,10,99,295.89
agent_2288,12,79,296.1
agent_2289,1,88,296.38
agent_2290,10,89,296.63
agent_2291,12,89,296.76
agent_2292,20,79,296.76
agent_2293,2,99,296.85
agent_2294,21,79,296.94
agent_2295,12,98,297.3
agent_2296,3,89,297.34
agent_2297,10,78,297.65
agent_2298,0,97,297.7
agent_2299,20,98,297.96
agent_2300,14,78,298.27
agent_2301,1,78,298.59
agent_2302,21,99,298.93
agent_2303,23,99,298.98
agent_2304,2,99,298.99
agent_2305,0,86,299.11
agent_2306,1,69,299.16
agent_2307,21,97,299.28
agent_2308,12,79,299.45
agent_2309,12,99,299.71
agent_2310,0,99,300.5
agent_2311,34,78,300.63
agent_2312,33,98,300.92
agent_2313,21,87,301.14
agent_2314,20,98,301.18
agent_2315,11,89,301.34
agent_2316,22,98,301.44
agent_2317,12,69,301.47
agent_2318,0,77,301.8
agent_2319,11,79,301.97
agent_2320,10,98,302.2
agent_2321,1,99,302.36
agent_2322,11,98,302.4
agent_2323,21,89,302.4
agent_2324,20,99,302.5
agent_2325,10,88,302.75
agent_2326,11,99,302.82
agent_2327,20,88,303.02
agent_2328,11,98,303.13
agent_2329,31,88,303.34
agent_2330,21,98,303.74
agent_2331,2,97,303.96
agent_2332,12,88,304.57
agent_2333,12,79,304.95
agent_2334,1,99,305.11
agent_2335,12,89,305.17
agent_2336,0,97,305.2
agent_2337,11,98,305.53
agent_2338,22,88,305.55
agent_2339,22,88,305.85
agent_2340,13,96,305.95
agent_2341,12,99,306.07
agent_2342,22,99,306.33
agent_2343,31,77,306.52
agent_2344,11,77,306.81
agent_2345,2,88,307.02
agent_2346,32,89,307.34
agent_2347,23,87,307.6
agent_2348,11,98,307.73
agent_2349,12,98,307.87
agent_2350,1,99,307.88
agent_2351,11,97,307.89
agent_2352,1,98,309.25
agent_2353,23,98,309.38
agent_2354,11,99,309.52
agent_2355,3,98,309.56
agent_2356,12,99,309.57
agent_2357,1,88,309.63
agent_2358,10,88,310.43
agent_2359,20,99,310.69
agent_2360,1,78,310.74
agent_2361,32,99,310.84
agent_2362,3,89,310.93
agent_2363,20,98,311.72
agent_2364,1,89,311.76
agent_2365,20,78,311.81
agent_2366,32,98,311.82
agent_2367,22,88,312.07
agent_2368,12,98,312.41
agent_2369,3,98,312.58
agent_2370,30,88,312.93
agent_2371,20,99,312.99
agent_2372,0,99,312.99
agent_2373,1,89,313.26
agent_2374,11,98,313.41
agent_2375,22,89,313.66
agent_2376,22,89,313.68
agent_2377,20,89,314.02
agent_2378,23,99,314.11
agent_2379,21,97,314.18
agent_2380,0,98,314.57
agent_2381,22,98,314.57
agent_2382,12,99,314.6
agent_2383,10,99,314.93
agent_2384,12,77,315.21
agent_2385,21,89,315.6
agent_2386,12,98,316.19
agent_2387,11,89,316.38
agent_2388,32,88,316.41
agent_2389,1,79,316.86
agent_2390,13,98,316.93
agent_2391,11,98,317.21
agent_2392,1,89,317.25
agent_2393,20,99,317.43
agent_2394,33,88,317.44
agent_2395,20,98,317.59
agent_2396,2,89,317.68
agent_2397,12,88,317.72
agent_2398,22,98,318.04
agent_2399,21,98,318.13
agent_2400,12,99,318.29
agent_2401,2,89,318.98
agent_2402,13,88,319.16
agent_2403,12,87,319.37
agent_2404,20,78,319.79
agent_2405,10,89,319.85
agent_2406,10,89,319.85
agent_2407,13,86,319.93
agent_2408,12,69,320.34
agent_2409,20,99,320.51
agent_2410,1,99,320.58
agent_2411,2,98,320.91
agent_2412,20,88,321.32
agent_2413,2,88,322.51
agent_2414,11,99,322.51
agent_2415,0,99,322.51
agent_2416,0,89,322.63
agent_2417,12,99,322.82
agent_2418,20,89,322.86
agent_2419,2,99,322.96
agent_2420,21,89,323.65
agent_2421,11,87,323.95
agent_2422,22,88,324.02
agent_2423,0,99,324.1
agent_2424,21,99,324.71
agent_2425,13,88,325.33
agent_2426,22,97,325.52
agent_2427,21,88,325.58
agent_2428,2,99,325.65
agent_2429,23,89,325.7
agent_2430,11,88,326.96
agent_2431,22,97,326.97
agent_2432,22,99,326.99
agent_2433,31,98,327.52
agent_2434,13,89,327.63
agent_2435,12,99,327.66
agent_2436,21,99,327.78
agent_2437,21,78,327.78
agent_2438,31,98,327.93
agent_2439,2,98,328.17
agent_2440,0,89,328.32
agent_2441,1,79,328.56
agent_2442,13,89,328.64
agent_2443,0,99,328.66
agent_2444,10,88,328.79
agent_2445,10,88,329.02
agent_2446,21,97,329.3
agent_2447,0,88,329.45
agent_2448,21,99,329.54
agent_2449,13,97,329.6
agent_2450,14,89,330.0
agent_2451,3,89,330.29
agent_2452,10,89,330.44
agent_2453,1,79,330.5
agent_2454,10,98,330.6
agent_2455,32,79,330.64
agent_2456,20,88,330.76
agent_2457,40,98,330.97
agent_2458,22,99,330.99
agent_2459,12,99,331.16
agent_2460,10,99,331.49
agent_2461,12,89,331.6
agent_2462,23,88,331.76
agent_2463,12,89,332.21
agent_2464,31,99,332.46
agent_2465,10,87,333.05
agent_2466,21,86,333.26
agent_2467,32,99,333.28
agent_2468,12,89,333.37
agent_2469,31,99,333.68
agent_2470,0,99,333.75
agent_2471,3,79,333.78
agent_2472,11,99,333.92
agent_2473,12,97,333.96
agent_2474,11,88,334.1
agent_2475,2,98,334.22
agent_2476,11,88,334.37
agent_2477,22,79,334.7
agent_2478,20,79,334.73
agent_2479,11,97,335.04
agent_2480,23,99,335.39
agent_2481,11,78,335.5
agent_2482,31,99,335.93
agent_2483,11,89,336.41
agent_2484,3,97,336.73
agent_2485,11,88,336.74
agent_2486,12,98,337.14
agent_2487,22,98,337.15
agent_2488,1,99,337.31
agent_2489,0,87,337.44
agent_2490,1,88,338.1
agent_2491,0,87,338.37
agent_2492,1,77,338.37
agent_2493,14,99,338.48
agent_2494,11,87,338.7
agent_2495,11,97,338.98
agent_2496,12,89,339.26
agent_2497,21,89,339.39
agent_2498,11,88,339.76
agent_2499,3,89,340.06
agent_2500,0,99,340.38
agent_2501,20,99,340.62
agent_2502,10,98,340.91
agent_2503,11,97,340.98
agent_2504,10,89,340.99
agent_2505,1,99,341.02
agent_2506,12,88,341.44
agent_2507,12,99,341.45
agent_2508,0,88,342.15
agent_2509,31,99,342.49
agent_2510,21,99,342.62
agent_2511,21,98,342.78
agent_2512,2,98,342.84
agent_2513,0,89,342.9
agent_2514,10,88,342.99
agent_2515,2,89,343.41
agent_2516,20,89,343.7
agent_2517,12,99,343.93
agent_2518,11,97,344.09
agent_2519,2,98,344.14
agent_2520,33,97,344.87
agent_2521,12,99,345.13
agent_2522,2,88,345.72
agent_2523,1,99,345.86
agent_2524,11,99,345.9
agent_2525,13,99,346.01
agent_2526,11,78,346.68
agent_2527,1,79,347.16
agent_2528,2,89,347.3
agent_2529,10,99,347.49
agent_2530,2,87,347.52
agent_2531,10,89,347.84
agent_2532,11,98,347.89
agent_2533,13,78,347.99
agent_2534,3,89,348.18
agent_2535,0,99,348.42
agent_2536,4,98,348.65
agent_2537,12,98,348.83
agent_2538,11,99,349.24
agent_2539,11,87,349.34
agent_2540,4,98,349.5
agent_2541,11,99,349.64
agent_2542,11,69,349.82
agent_2543,42,99,349.85
agent_2544,11,98,349.89
agent_2545,20,96,350.54
agent_2546,31,98,350.65
agent_2547,42,89,351.83
agent_2548,10,87,352.35
agent_2549,12,98,352.37
agent_2550,11,88,352.4
agent_2551,1,89,352.97
agent_2552,11,88,353.27
agent_2553,33,99,353.38
agent_2554,33,99,353.4
agent_2555,21,98,353.43
agent_2556,21,79,354.18
agent_2557,12,88,354.71
agent_2558,3,89,354.91
agent_2559,21,79,354.98
agent_2560,10,99,355.25
agent_2561,10,98,355.4
agent_2562,13,99,355.79
agent_2563,21,99,356.01
agent_2564,10,79,356.91
agent_2565,10,78,357.29
agent_2566,2,98,357.48
agent_2567,22,78,357.63
agent_2568,2,99,357.8
agent_2569,21,99,357.9
agent_2570,23,78,358.11
agent_2571,10,98,358.63
agent_2572,20,89,358.84
agent_2573,2,99,358.97
agent_2574,2,88,359.14
agent_2575,0,98,359.47
agent_2576,2,78,359.58
agent_2577,11,99,359.79
agent_2578,33,88,360.01
agent_2579,33,98,360.25
agent_2580,22,98,360.53
agent_2581,2,79,360.96
agent_2582,10,86,361.2
agent_2583,24,78,361.34
agent_2584,13,79,361.42
agent_2585,1,89,361.77
agent_2586,11,88,361.84
agent_2587,31,79,362.19
agent_2588,11,79,362.28
agent_2589,22,88,362.64
agent_2590,3,99,362.79
agent_2591,1,99,362.83
agent_2592,10,98,363.01
agent_2593,31,89,363.3
agent_2594,0,98,363.71
agent_2595,1,87,363.77
agent_2596,0,99,364.5
agent_2597,3,99,364.73
agent_2598,11,88,364.81
agent_2599,0,98,364.98
agent_2600,32,99,365.16
agent_2601,1,98,365.22
agent_2602,13,88,365.41
agent_2603,11,88,366.18
agent_2604,11,98,366.44
agent_2605,21,89,366.48
agent_2606,21,89,366.63
agent_2607,32,99,366.65
agent_2608,31,89,366.72
agent_2609,41,88,367.46
agent_2610,11,88,368.68
agent_2611,21,78,369.2
agent_2612,12,89,369.35
agent_2613,10,99,370.04
agent_2614,20,89,370.08
agent_2615,11,98,370.1
agent_2616,10,98,370.27
agent_2617,20,99,370.36
agent_2618,13,99,371.38
agent_2619,13,99,371.7
agent_2620,21,87,372.2
agent_2621,12,99,372.26
agent_2622,30,98,372.37
agent_2623,10,88,372.39
agent_2624,1,98,372.87
agent_2625,3,99,372.99
agent_2626,10,88,373.14
agent_2627,11,99,373.14
agent_2628,11,76,373.24
agent_2629,11,87,373.26
agent_2630,1,96,373.44
agent_2631,1,88,373.68
agent_2632,2,98,373.71
agent_2633,0,78,373.71
agent_2634,11,99,373.84
agent_2635,31,79,373.92
agent_2636,22,88,373.95
agent_2637,10,79,373.99
agent_2638,20,98,374.13
agent_2639,10,78,374.21
agent_2640,21,88,374.22
agent_2641,11,99,374.7
agent_2642,11,78,374.7
agent_2643,1,98,374.74
agent_2644,10,88,374.76
agent_2645,20,99,375.14
agent_2646,10,78,375.26
agent_2647,32,89,375.27
agent_2648,11,88,375.31
agent_2649,22,99,375.53
agent_2650,2,99,375.54
agent_2651,1,89,375.57
agent_2652,13,97,375.64
agent_2653,2,77,375.67
agent_2654,1,99,375.74
agent_2655,2,99,375.86
agent_2656,14,87,376.8
agent_2657,1,89,376.87
agent_2658,11,88,376.91
agent_2659,10,99,377.14
agent_2660,12,88,377.53
agent_2661,31,89,377.54
agent_2662,20,79,378.16
agent_2663,13,59,378.19
agent_2664,10,88,378.3
agent_2665,1,89,378.63
agent_2666,21,88,378.7
agent_2667,24,88,378.99
agent_2668,20,97,379.25
agent_2669,2,98,379.42
agent_2670,1,89,379.72
agent_2671,12,79,380.14
agent_2672,12,99,380.41
agent_2673,11,99,380.8
agent_2674,11,99,381.4
agent_2675,1,79,381.47
agent_2676,3,79,381.79
agent_2677,0,98,381.82
agent_2678,12,79,382.04
agent_2679,20,88,382.26
agent_2680,0,98,382.26
agent_2681,11,89,383.43
agent_2682,13,98,383.53
agent_2683,21,99,383.54
agent_2684,0,78,384.21
agent_2685,0,89,384.44
agent_2686,1,99,384.47
agent_2687,13,99,384.47
agent_2688,21,99,384.67
agent_2689,30,98,384.72
agent_2690,30,99,384.83
agent_2691,20,99,384.83
agent_2692,12,98,384.93
agent_2693,14,78,384.98
agent_2694,41,89,385.57
agent_2695,12,99,385.6
agent_2696,1,98,385.64
agent_2697,12,97,385.69
agent_2698,41,98,385.79
agent_2699,2,99,385.8
agent_2700,0,88,385.94
agent_2701,3,98,385.99
agent_2702,22,88,386.43
agent_2703,1,66,386.54
agent_2704,20,99,386.94
agent_2705,1,89,387.12
agent_2706,21,99,387.15
agent_2707,31,99,387.58
agent_2708,0,98,387.69
agent_2709,2,97,387.71
agent_2710,11,78,388.06
agent_2711,3,78,388.28
agent_2712,10,98,388.37
agent_2713,10,87,388.77
agent_2714,1,89,388.89
agent_2715,12,88,389.26
agent_2716,10,99,389.5
agent_2717,31,99,389.9
agent_2718,12,88,389.93
agent_2719,10,87,390.64
agent_2720,22,99,390.74
agent_2721,42,89,391.45
agent_2722,11,96,391.68
agent_2723,10,98,391.86
agent_2724,1,99,391.91
agent_2725,21,77,392.37
agent_2726,20,88,393.02
agent_2727,1,89,393.05
agent_2728,42,89,393.09
agent_2729,13,87,393.26
agent_2730,22,79,393.33
agent_2731,31,88,393.38
agent_2732,2,99,393.51
agent_2733,11,99,393.97
agent_2734,0,99,394.03
agent_2735,20,99,394.23
agent_2736,1,88,395.54
agent_2737,22,79,395.9
agent_2738,11,99,395.93
agent_2739,11,78,396.09
agent_2740,22,89,396.12
agent_2741,22,77,396.15
agent_2742,11,79,396.15
agent_2743,2,97,396.98
agent_2744,22,89,397.1
agent_2745,20,67,397.22
agent_2746,21,69,397.78
agent_2747,12,98,398.03
agent_2748,30,99,398.11
agent_2749,21,98,398.37
agent_2750,20,79,398.44
agent_2751,11,99,399.94
agent_2752,2,89,400.0
agent_2753,32,99,400.26
agent_2754,23,78,400.3
agent_2755,10,99,400.4
agent_2756,21,78,400.65
agent_2757,21,98,400.69
agent_2758,11,98,400.79
agent_2759,31,89,401.07
agent_2760,0,89,401.12
agent_2761,11,99,401.24
agent_2762,21,96,401.43
agent_2763,13,86,401.7
agent_2764,1,89,401.85
agent_2765,31,87,402.27
agent_2766,2,89,402.58
agent_2767,11,78,403.39
agent_2768,12,88,404.01
agent_2769,13,88,404.24
agent_2770,12,89,404.54
agent_2771,1,89,404.58
agent_2772,11,89,404.63
agent_2773,20,87,404.8
agent_2774,0,88,404.88
agent_2775,1,98,404.95
agent_2776,2,89,405.06
agent_2777,2,98,405.29
agent_2778,32,86,405.4
agent_2779,21,78,405.63
agent_2780,1,89,406.13
agent_2781,23,98,406.18
agent_2782,3,67,406.27
agent_2783,2,99,406.81
agent_2784,12,78,406.97
agent_2785,12,99,407.52
agent_2786,2,87,407.53
agent_2787,1,77,407.67
agent_2788,21,98,407.8
agent_2789,12,99,407.96
agent_2790,10,99,408.0
agent_2791,3,98,408.91
agent_2792,2,78,409.12
agent_2793,0,99,409.26
agent_2794,3,99,409.27
agent_2795,0,98,410.09
agent_2796,21,98,410.26
agent_2797,0,88,410.55
agent_2798,31,98,410.85
agent_2799,12,89,410.98
agent_2800,11,99,411.03
agent_2801,12,97,411.1
agent_2802,21,98,411.17
agent_2803,13,98,411.83
agent_2804,0,98,411.88
agent_2805,22,99,411.89
agent_2806,22,99,412.26
agent_2807,12,98,412.32
agent_2808,23,88,412.56
agent_2809,32,89,412.73
agent_2810,12,89,412.75
agent_2811,1,88,412.88
agent_2812,0,97,413.23
agent_2813,2,68,413.26
agent_2814,0,98,413.47
agent_2815,21,77,413.67
agent_2816,33,99,413.71
agent_2817,11,98,414.07
agent_2818,3,87,414.49
agent_2819,12,97,414.72
agent_2820,11,97,414.99
agent_2821,11,97,415.57
agent_2822,30,87,415.66
agent_2823,24,97,415.69
agent_2824,20,89,415.73
agent_2825,12,88,415.86
agent_2826,21,99,415.89
agent_2827,21,89,415.95
agent_2828,21,89,416.07
agent_2829,2,78,416.27
agent_2830,2,89,416.53
agent_2831,0,99,416.67
agent_2832,0,87,416.74
agent_2833,12,79,416.78
agent_2834,0,99,416.86
agent_2835,11,99,416.99
agent_2836,2,99,417.43
agent_2837,13,98,417.75
agent_2838,22,97,417.86
agent_2839,10,89,418.03
agent_2840,11,86,418.49
agent_2841,10,89,418.78
agent_2842,32,89,418.8
agent_2843,11,78,419.31
agent_2844,0,78,419.41
agent_2845,0,77,419.51
agent_2846,2,88,420.17
agent_2847,21,89,420.19
agent_2848,13,99,420.89
agent_2849,20,89,421.12
agent_2850,21,78,421.2
agent_2851,24,79,421.24
agent_2852,21,88,421.6
agent_2853,22,99,421.73
agent_2854,2,97,422.44
agent_2855,10,89,422.47
agent_2856,21,68,422.48
agent_2857,11,88,422.86
agent_2858,20,98,423.51
agent_2859,1,77,423.76
agent_2860,0,89,424.1
agent_2861,11,99,425.12
agent_2862,1,79,425.37
agent_2863,10,89,425.38
agent_2864,12,89,425.7
agent_2865,2,79,426.01
agent_2866,11,99,426.37
agent_2867,0,88,426.58
agent_2868,13,89,427.37
agent_2869,21,98,427.41
agent_2870,33,97,427.41
agent_2871,23,89,427.79
agent_2872,43,79,428.29
agent_2873,11,77,428.35
agent_2874,41,87,428.45
agent_2875,21,97,428.89
agent_2876,21,86,429.84
agent_2877,21,99,430.15
agent_2878,32,97,430.32
agent_2879,2,98,430.57
agent_2880,0,78,430.88
agent_2881,33,99,431.22
agent_2882,2,89,431.28
agent_2883,1,99,431.29
agent_2884,11,78,431.36
agent_2885,10,88,431.5
agent_2886,20,79,431.65
agent_2887,10,89,431.85
agent_2888,33,99,432.27
agent_2889,32,99,433.46
agent_2890,1,89,433.64
agent_2891,0,88,433.78
agent_2892,1,87,434.02
agent_2893,1,98,434.41
agent_2894,12,88,434.55
agent_2895,12,88,434.57
agent_2896,10,98,434.92
agent_2897,12,79,435.83
agent_2898,31,98,436.16
agent_2899,0,99,436.24
agent_2900,11,99,436.4
agent_2901,12,79,436.42
agent_2902,23,89,436.56
agent_2903,12,89,436.73
agent_2904,20,98,437.27
agent_2905,22,89,437.65
agent_2906,23,98,437.89
agent_2907,20,96,437.91
agent_2908,21,77,438.22
agent_2909,20,99,439.14
agent_2910,3,98,439.6
agent_2911,21,88,440.14
agent_2912,12,99,440.77
agent_2913,12,88,440.99
agent_2914,23,89,441.14
agent_2915,11,98,441.28
agent_2916,33,88,441.38
agent_2917,31,98,441.52
agent_2918,13,77,441.65
agent_2919,20,79,442.28
agent_2920,23,99,442.29
agent_2921,22,97,442.51
agent_2922,20,97,442.83
agent_2923,42,88,443.0
agent_2924,13,97,443.06
agent_2925,2,98,443.12
agent_2926,12,99,443.32
agent_2927,1,97,444.07
agent_2928,12,88,444.36
agent_2929,12,78,444.66
agent_2930,22,99,444.74
agent_2931,32,89,444.89
agent_2932,32,99,445.08
agent_2933,30,99,445.13
agent_2934,2,96,445.17
agent_2935,11,89,445.58
agent_2936,11,88,445.79
agent_2937,0,89,445.92
agent_2938,11,99,446.83
agent_2939,1,88,447.3
agent_2940,11,88,448.05
agent_2941,2,89,448.06
agent_2942,20,79,448.18
agent_2943,12,88,448.25
agent_2944,22,89,448.52
agent_2945,33,87,448.74
agent_2946,22,99,448.76
agent_2947,12,97,448.77
agent_2948,11,99,449.12
agent_2949,21,79,449.37
agent_2950,0,99,450.0
agent_2951,31,99,450.01
agent_2952,11,87,450.16
agent_2953,11,99,450.73
agent_2954,11,97,450.74
agent_2955,13,88,450.85
agent_2956,11,98,450.9
agent_2957,12,88,451.21
agent_2958,11,99,451.61
agent_2959,10,69,451.68
agent_2960,13,67,452.01
agent_2961,2,88,452.24
agent_2962,2,88,452.42
agent_2963,10,99,452.9
agent_2964,2,88,453.0
agent_2965,44,99,453.22
agent_2966,21,89,453.61
agent_2967,2,89,453.61
agent_2968,22,97,453.73
agent_2969,21,99,454.4
agent_2970,22,99,455.13
agent_2971,10,88,455.73
agent_2972,32,87,455.81
agent_2973,0,88,455.93
agent_2974,10,89,456.75
agent_2975,30,78,456.79
agent_2976,20,99,457.93
agent_2977,12,97,458.29
agent_2978,10,99,458.44
agent_2979,23,99,459.39
agent_2980,11,89,459.58
agent_2981,21,68,459.62
agent_2982,30,99,460.22
agent_2983,23,89,460.32
agent_2984,20,78,460.97
agent_2985,2,99,461.21
agent_2986,21,77,462.12
agent_2987,0,79,462.25
agent_2988,1,89,462.43
agent_2989,20,88,462.71
agent_2990,21,78,462.75
agent_2991,0,98,462.79
agent_2992,12,59,463.0
agent_2993,12,88,463.02
agent_2994,23,89,463.3
agent_2995,2,98,464.8
agent_2996,1,99,465.13
agent_2997,24,96,465.84
agent_2998,20,78,465.95
agent_2999,10,76,466.41
agent_3000,11,98,467.14
agent_3001,30,88,467.2
agent_3002,22,99,467.27
agent_3003,30,89,467.92
agent_3004,10,78,468.26
agent_3005,21,88,469.81
agent_3006,1,99,469.95
agent_3007,10,87,470.05
agent_3008,1,99,470.32
agent_3009,0,99,470.38
agent_3010,1,88,470.75
agent_3011,20,99,471.05
agent_3012,15,98,472.04
agent_3013,23,99,472.76
agent_3014,0,98,473.05
agent_3015,11,97,473.24
agent_3016,1,89,473.31
agent_3017,10,99,473.42
agent_3018,2,89,473.45
agent_3019,22,79,473.57
agent_3020,31,99,473.91
agent_3021,22,89,473.98
agent_3022,0,99,474.0
agent_3023,12,88,474.36
agent_3024,11,89,474.63
agent_3025,10,79,474.66
agent_3026,10,98,474.98
agent_3027,30,89,475.31
agent_3028,21,99,475.35
agent_3029,10,99,475.56
agent_3030,11,97,476.42
agent_3031,12,99,476.45
agent_3032,32,99,476.9
agent_3033,0,97,476.95
agent_3034,20,98,477.06
agent_3035,11,98,477.24
agent_3036,2,99,477.27
agent_3037,10,89,477.38
agent_3038,10,79,477.71
agent_3039,11,87,477.72
agent_3040,12,98,477.87
agent_3041,12,99,477.94
agent_3042,13,98,478.17
agent_3043,21,87,478.21
agent_3044,12,99,478.27
agent_3045,2,99,478.57
agent_3046,0,99,479.17
agent_3047,13,78,479.27
agent_3048,12,99,480.29
agent_3049,12,99,480.9
agent_3050,2,88,481.08
agent_3051,10,98,481.2
agent_3052,22,99,481.25
agent_3053,20,88,482.1
agent_3054,2,89,482.43
agent_3055,32,98,482.48
agent_3056,22,89,482.56
agent_3057,1,99,482.62
agent_3058,11,69,482.9
agent_3059,20,89,483.22
agent_3060,22,99,483.42
agent_3061,21,78,483.58
agent_3062,32,98,483.74
agent_3063,31,69,483.86
agent_3064,11,98,483.98
agent_3065,31,99,484.18
agent_3066,21,87,484.18
agent_3067,2,88,484.21
agent_3068,10,89,484.44
agent_3069,10,99,484.49
agent_3070,11,88,484.62
agent_3071,11,99,484.69
agent_3072,3,99,484.8
agent_3073,11,87,484.96
agent_3074,40,87,485.15
agent_3075,12,98,485.33
agent_3076,11,99,485.34
agent_3077,31,99,485.44
agent_3078,21,89,485.49
agent_3079,21,97,485.82
agent_3080,0,98,485.89
agent_3081,11,88,486.25
agent_3082,2,89,486.26
agent_3083,0,89,486.4
agent_3084,32,99,486.66
agent_3085,1,98,487.05
agent_3086,2,99,487.8
agent_3087,20,87,487.89
agent_3088,2,89,487.93
agent_3089,11,99,488.14
agent_3090,21,97,488.43
agent_3091,2,79,488.45
agent_3092,1,99,488.48
agent_3093,11,89,488.85
agent_3094,1,79,488.96
agent_3095,24,77,489.57
agent_3096,41,89,491.08
agent_3097,22,78,491.18
agent_3098,10,99,491.36
agent_3099,20,89,491.57
agent_3100,1,99,491.58
agent_3101,21,98,491.79
agent_3102,42,98,492.22
agent_3103,20,99,492.49
agent_3104,21,99,492.98
agent_3105,2,97,493.19
agent_3106,23,79,494.3
agent_3107,12,79,494.36
agent_3108,42,79,494.54
agent_3109,1,97,495.01
agent_3110,32,98,495.68
agent_3111,12,99,495.74
agent_3112,1,69,496.37
agent_3113,20,99,496.59
agent_3114,10,89,496.71
agent_3115,22,88,496.78
agent_3116,11,98,497.67
agent_3117,22,89,498.76
agent_3118,3,87,499.33
agent_3119,1,88,499.34
agent_3120,1,89,499.38
agent_3121,11,98,500.31
agent_3122,4,89,500.88
agent_3123,32,99,501.08
agent_3124,1,78,502.2
agent_3125,12,78,502.22
agent_3126,12,89,502.35
agent_3127,22,88,503.31
agent_3128,11,89,503.89
agent_3129,2,89,503.91
agent_3130,2,69,504.13
agent_3131,21,99,504.2
agent_3132,22,99,504.21
agent_3133,12,98,504.37
agent_3134,0,99,504.56
agent_3135,12,89,504.97
agent_3136,12,98,506.33
agent_3137,23,97,506.34
agent_3138,20,79,506.43
agent_3139,1,69,506.92
agent_3140,0,79,509.2
agent_3141,10,98,509.71
agent_3142,31,99,510.6
agent_3143,11,68,511.23
agent_3144,31,87,511.3
agent_3145,1,87,511.71
agent_3146,2,99,512.06
agent_3147,2,99,512.37
agent_3148,11,99,512.57
agent_3149,10,98,512.88
agent_3150,0,99,513.39
agent_3151,20,88,513.48
agent_3152,11,98,513.48
agent_3153,31,88,513.49
agent_3154,20,78,514.04
agent_3155,22,99,514.19
agent_3156,22,78,514.26
agent_3157,1,99,514.43
agent_3158,32,99,514.56
agent_3159,12,98,514.57
agent_3160,11,98,515.66
agent_3161,1,99,516.24
agent_3162,11,79,516.63
agent_3163,0,98,516.63
agent_3164,20,98,517.07
agent_3165,22,88,517.4
agent_3166,11,89,517.85
agent_3167,22,99,517.94
agent_3168,1,87,518.06
agent_3169,33,98,518.58
agent_3170,11,98,519.36
agent_3171,21,88,520.34
agent_3172,23,99,520.55
agent_3173,21,69,521.0
agent_3174,21,99,521.75
agent_3175,30,99,521.89
agent_3176,13,89,522.17
agent_3177,11,99,522.87
agent_3178,12,98,523.4
agent_3179,33,99,524.28
agent_3180,22,98,524.95
agent_3181,12,59,525.86
agent_3182,22,68,526.6
agent_3183,40,79,526.64
agent_3184,40,78,527.45
agent_3185,0,88,527.94
agent_3186,0,98,528.62
agent_3187,3,99,529.31
agent_3188,3,89,529.92
agent_3189,23,88,530.22
agent_3190,11,99,530.97
agent_3191,12,97,531.5
agent_3192,32,98,531.69
agent_3193,13,88,533.04
agent_3194,13,98,533.56
agent_3195,30,69,534.76
agent_3196,43,99,534.99
agent_3197,23,89,535.1
agent_3198,11,77,535.72
agent_3199,21,88,535.92
agent_3200,21,88,537.51
agent_3201,21,88,537.66
agent_3202,10,98,538.24
agent_3203,13,88,538.26
agent_3204,0,98,538.47
agent_3205,12,89,538.95
agent_3206,2,97,538.97
agent_3207,31,87,539.41
agent_3208,21,98,539.82
agent_3209,14,99,539.83
agent_3210,13,99,540.24
agent_3211,10,88,541.06
agent_3212,20,88,541.43
agent_3213,11,98,542.02
agent_3214,30,79,542.13
agent_3215,1,89,542.19
agent_3216,21,79,542.35
agent_3217,2,99,542.53
agent_3218,10,87,542.74
agent_3219,2,99,542.82
agent_3220,33,88,543.35
agent_3221,31,89,543.4
agent_3222,10,79,544.92
agent_3223,12,98,544.99
agent_3224,11,97,545.52
agent_3225,30,89,545.68
agent_3226,1,99,545.89
agent_3227,2,88,546.06
agent_3228,12,99,546.18
agent_3229,13,99,546.3
agent_3230,10,98,546.43
agent_3231,34,98,547.1
agent_3232,0,89,548.08
agent_3233,10,88,548.12
agent_3234,44,97,550.57
agent_3235,31,99,550.72
agent_3236,20,79,550.78
agent_3237,1,98,550.96
agent_3238,2,86,551.42
agent_3239,13,89,551.96
agent_3240,22,89,552.52
agent_3241,1,79,553.42
agent_3242,31,87,554.24
agent_3243,31,99,554.63
agent_3244,0,87,556.23
agent_3245,11,97,558.63
agent_3246,21,98,558.82
agent_3247,3,59,559.9
agent_3248,31,88,560.89
agent_3249,21,79,561.4
agent_3250,2,89,562.07
agent_3251,21,97,562.14
agent_3252,1,99,562.52
agent_3253,20,98,563.16
agent_3254,62,87,563.5
agent_3255,1,88,564.85
agent_3256,1,88,565.29
agent_3257,10,98,565.86
agent_3258,21,88,566.13
agent_3259,11,89,567.03
agent_3260,22,99,567.25
agent_3261,13,99,567.37
agent_3262,3,98,567.63
agent_3263,0,99,567.73
agent_3264,0,99,568.97
agent_3265,20,88,569.43
agent_3266,3,67,569.85
agent_3267,2,99,572.64
agent_3268,32,99,572.79
agent_3269,0,99,573.01
agent_3270,1,98,574.78
agent_3271,11,78,577.56
agent_3272,11,88,577.64
agent_3273,10,89,578.07
agent_3274,30,99,578.11
agent_3275,1,97,578.67
agent_3276,11,99,578.85
agent_3277,33,97,579.78
agent_3278,13,89,580.42
agent_3279,12,98,581.4
agent_3280,44,98,581.58
agent_3281,1,97,581.76
agent_3282,10,78,582.62
agent_3283,21,79,583.27
agent_3284,11,87,584.56
agent_3285,3,88,584.85
agent_3286,21,99,585.04
agent_3287,31,89,586.81
agent_3288,20,78,587.51
agent_3289,1,97,588.91
agent_3290,2,97,588.97
agent_3291,3,79,589.45
agent_3292,10,89,590.69
agent_3293,12,68,591.38
agent_3294,0,98,591.46
agent_3295,12,88,592.51
agent_3296,12,96,596.19
agent_3297,11,88,596.43
agent_3298,2,98,596.72
agent_3299,0,89,597.53
agent_3300,22,88,597.72
agent_3301,21,98,598.16
agent_3302,21,88,599.11
agent_3303,21,87,599.4
agent_3304,20,98,599.6
agent_3305,20,99,600.41
agent_3306,1,89,602.76
agent_3307,12,68,603.34
agent_3308,21,89,603.59
agent_3309,21,99,604.03
agent_3310,0,89,604.53
agent_3311,0,88,607.44
agent_3312,32,88,608.81
agent_3313,22,88,609.41
agent_3314,32,77,609.5
agent_3315,10,99,609.73
agent_3316,31,89,610.9
agent_3317,11,99,611.01
agent_3318,22,98,611.8
agent_3319,2,88,612.27
agent_3320,12,89,612.65
agent_3321,0,69,612.72
agent_3322,31,88,614.0
agent_3323,12,98,615.96
agent_3324,11,97,615.98
agent_3325,1,99,616.35
agent_3326,31,79,617.12
agent_3327,1,89,618.81
agent_3328,21,99,622.35
agent_3329,1,89,622.43
agent_3330,20,98,622.47
agent_3331,0,99,624.12
agent_3332,1,98,624.4
agent_3333,12,66,625.61
agent_3334,3,88,625.84
agent_3335,11,99,626.69
agent_3336,1,78,630.43
agent_3337,3,99,631.06
agent_3338,2,68,631.06
agent_3339,32,87,631.55
agent_3340,20,89,631.58
agent_3341,22,89,632.33
agent_3342,12,69,632.89
agent_3343,12,88,634.48
agent_3344,13,99,636.17
agent_3345,32,99,637.87
agent_3346,21,96,638.93
agent_3347,11,88,640.02
agent_3348,21,88,640.04
agent_3349,23,98,641.91
agent_3350,12,68,642.7
agent_3351,1,99,644.72
agent_3352,21,89,645.13
agent_3353,20,68,645.17
agent_3354,22,88,646.58
agent_3355,21,78,647.02
agent_3356,20,89,647.14
agent_3357,13,99,647.24
agent_3358,2,77,647.24
agent_3359,10,98,647.84
agent_3360,22,98,648.21
agent_3361,10,98,648.59
agent_3362,12,88,648.64
agent_3363,22,87,650.25
agent_3364,31,99,651.03
agent_3365,12,98,651.45
agent_3366,10,88,652.11
agent_3367,1,88,652.6
agent_3368,1,89,653.45
agent_3369,1,87,654.0
agent_3370,12,99,654.37
agent_3371,1,79,654.58
agent_3372,30,87,657.63
agent_3373,21,89,659.42
agent_3374,31,89,659.51
agent_3375,10,99,659.66
agent_3376,11,99,659.97
agent_3377,32,86,660.35
agent_3378,10,99,662.29
agent_3379,32,98,662.88
agent_3380,20,98,663.19
agent_3381,1,97,667.01
agent_3382,33,98,668.52
agent_3383,1,89,670.41
agent_3384,22,88,670.75
agent_3385,30,98,670.82
agent_3386,12,96,671.92
agent_3387,10,99,672.17
agent_3388,12,78,674.28
agent_3389,0,89,674.98
agent_3390,11,99,679.41
agent_3391,11,89,680.03
agent_3392,22,88,680.32
agent_3393,20,98,680.9
agent_3394,12,69,680.97
agent_3395,11,98,682.64
agent_3396,2,77,682.86
agent_3397,1,99,683.02
agent_3398,20,98,683.82
agent_3399,11,68,684.14
agent_3400,11,86,684.91
agent_3401,0,89,685.64
agent_3402,11,99,688.89
agent_3403,20,99,690.36
agent_3404,11,99,693.92
agent_3405,12,89,693.99
agent_3406,2,98,694.54
agent_3407,10,89,695.47
agent_3408,12,89,696.24
agent_3409,11,98,698.99
agent_3410,21,88,700.06
agent_3411,20,98,701.76
agent_3412,20,98,702.53
agent_3413,21,98,702.57
agent_3414,12,98,703.36
agent_3415,11,99,703.62
agent_3416,32,99,703.75
agent_3417,10,88,704.61
agent_3418,32,97,705.33
agent_3419,10,99,706.45
agent_3420,10,98,707.41
agent_3421,30,89,709.65
agent_3422,20,98,711.11
agent_3423,12,79,715.12
agent_3424,1,69,715.31
agent_3425,23,99,719.63
agent_3426,12,98,720.46
agent_3427,23,97,721.7
agent_3428,32,98,723.49
agent_3429,31,88,723.69
agent_3430,32,85,723.89
agent_3431,11,99,724.08
agent_3432,30,78,724.28
agent_3433,20,69,724.5
agent_3434,10,99,726.63
agent_3435,2,99,728.04
agent_3436,12,99,728.14
agent_3437,20,98,728.85
agent_3438,10,98,730.16
agent_3439,21,89,738.37
agent_3440,10,79,739.04
agent_3441,0,98,741.31
agent_3442,21,99,741.99
agent_3443,13,99,746.92
agent_3444,12,89,749.22
agent_3445,10,79,751.19
agent_3446,21,99,752.98
agent_3447,10,88,754.24
agent_3448,20,99,756.88
agent_3449,10,89,757.13
agent_3450,21,99,757.54
agent_3451,0,78,757.61
agent_3452,10,89,758.78
agent_3453,22,97,759.06
agent_3454,11,79,759.32
agent_3455,23,89,759.56
agent_3456,20,99,761.87
agent_3457,11,88,767.38
agent_3458,12,99,770.85
agent_3459,3,99,773.66
agent_3460,2,98,774.57
agent_3461,10,88,777.27
agent_3462,21,99,779.37
agent_3463,0,99,780.36
agent_3464,1,88,781.56
agent_3465,11,98,782.89
agent_3466,21,78,787.12
agent_3467,13,88,787.17
agent_3468,12,79,788.75
agent_3469,41,79,796.09
agent_3470,21,88,796.39
agent_3471,0,88,796.91
agent_3472,12,89,799.56
agent_3473,14,96,800.67
agent_3474,3,99,808.18
agent_3475,11,99,808.63
agent_3476,10,79,808.77
agent_3477,10,89,809.11
agent_3478,0,99,809.43
agent_3479,32,88,811.63
agent_3480,10,97,811.66
agent_3481,12,99,812.06
agent_3482,23,98,813.21
agent_3483,12,99,817.07
agent_3484,20,87,822.78
agent_3485,22,89,827.89
agent_3486,31,87,830.1
agent_3487,32,79,831.9
agent_3488,1,99,831.95
agent_3489,12,89,833.61
agent_3490,31,87,837.04
agent_3491,11,85,840.59
agent_3492,20,88,841.13
agent_3493,21,79,847.59
agent_3494,10,99,847.79
agent_3495,2,89,849.71
agent_3496,1,98,851.76
agent_3497,21,97,853.63
agent_3498,11,79,855.42
agent_3499,11,89,858.99
agent_3500,22,89,859.56
agent_3501,10,98,861.06
agent_3502,12,97,861.19
agent_3503,30,96,861.35
agent_3504,11,99,867.14
agent_3505,31,88,870.32
agent_3506,2,98,873.16
agent_3507,31,96,874.98
agent_3508,11,88,879.5
agent_3509,20,99,881.53
agent_3510,22,99,886.58
agent_3511,10,79,892.1
agent_3512,10,96,900.23
agent_3513,11,88,904.71
agent_3514,1,99,907.95
agent_3515,11,99,909.46
agent_3516,22,88,909.78
agent_3517,31,88,913.37
agent_3518,20,88,913.43
agent_3519,20,98,915.84
agent_3520,31,89,915.99
agent_3521,41,99,916.52
agent_3522,32,78,917.24
agent_3523,20,78,919.44
agent_3524,23,88,921.19
agent_3525,31,97,925.75
agent_3526,20,99,926.88
agent_3527,32,98,929.93
agent_3528,21,88,937.54
agent_3529,20,99,938.55
agent_3530,20,88,939.76
agent_3531,10,77,953.77
agent_3532,12,99,960.18
agent_3533,21,99,961.31
agent_3534,1,97,963.36
agent_3535,1,98,963.79
agent_3536,41,97,964.78
agent_3537,10,86,967.58
agent_3538,21,87,968.66
agent_3539,21,99,971.32
agent_3540,12,98,976.12
agent_3541,11,79,980.02
agent_3542,31,89,982.47
agent_3543,1,79,988.58
agent_3544,1,79,992.07
agent_3545,12,99,998.51
agent_3546,20,98,1006.5
agent_3547,12,88,1007.34
agent_3548,21,99,1008.34
agent_3549,12,89,1018.79
agent_3550,12,99,1022.93
agent_3551,11,97,1023.21
agent_3552,1,89,1024.52
agent_3553,10,87,1025.35
agent_3554,22,98,1029.16
agent_3555,12,99,1033.45
agent_3556,1,79,1038.08
agent_3557,33,98,1038.81
agent_3558,12,99,1038.83
agent_3559,0,98,1039.23
agent_3560,33,89,1039.66
agent_3561,14,99,1041.02
agent_3562,2,86,1041.57
agent_3563,22,89,1057.36
agent_3564,12,96,1059.02
agent_3565,1,89,1060.72
agent_3566,30,99,1071.11
agent_3567,12,99,1071.65
agent_3568,1,98,1074.05
agent_3569,2,89,1078.75
agent_3570,3,99,1081.46
agent_3571,11,88,1090.5
agent_3572,11,88,1091.05
agent_3573,31,98,1106.78
agent_3574,40,99,1118.52
agent_3575,3,88,1130.45
agent_3576,1,97,1132.01
agent_3577,13,99,1142.48
agent_3578,21,59,1144.93
agent_3579,10,89,1147.77
agent_3580,1,78,1150.83
agent_3581,31,89,1162.57
agent_3582,10,89,1183.83
agent_3583,21,88,1189.98
agent_3584,21,88,1190.09
agent_3585,1,98,1193.19
agent_3586,13,97,1193.31
agent_3587,11,99,1193.42
agent_3588,20,78,1193.42
agent_3589,12,98,1202.09
agent_3590,4,98,1202.29
agent_3591,11,88,1204.72
agent_3592,1,99,1219.31
agent_3593,1,88,1228.19
agent_3594,42,88,1241.11
agent_3595,11,97,1246.92
agent_3596,1,98,1251.33
agent_3597,0,78,1252.14
agent_3598,10,86,1260.6
agent_3599,10,87,1264.14
agent_3600,12,96,1267.26
agent_3601,20,88,1272.8
agent_3602,21,89,1272.99
agent_3603,22,89,1273.7
agent_3604,14,89,1275.3
agent_3605,1,69,1278.09
agent_3606,12,78,1282.69
agent_3607,24,77,1283.59
agent_3608,10,98,1287.31
agent_3609,13,99,1292.64
agent_3610,1,86,1298.16
agent_3611,12,58,1299.59
agent_3612,30,89,1301.5
agent_3613,30,88,1302.02
agent_3614,20,98,1302.96
agent_3615,21,99,1303.51
agent_3616,13,77,1305.01
agent_3617,12,99,1325.47
agent_3618,12,99,1326.87
agent_3619,1,98,1328.64
agent_3620,0,97,1331.74
agent_3621,12,87,1332.4
agent_3622,11,79,1334.97
agent_3623,20,97,1336.8
agent_3624,13,79,1342.54
agent_3625,10,88,1343.34
agent_3626,21,89,1346.29
agent_3627,23,97,1351.37
agent_3628,11,99,1352.13
agent_3629,1,89,1353.09
agent_3630,31,89,1357.7
agent_3631,12,88,1364.33
agent_3632,12,89,1368.75
agent_3633,21,98,1373.58
agent_3634,41,98,1374.39
agent_3635,10,88,1375.43
agent_3636,10,79,1376.57
agent_3637,13,89,1381.1
agent_3638,12,88,1390.43
agent_3639,20,79,1390.72
agent_3640,12,99,1391.02
agent_3641,14,89,1396.2
agent_3642,24,89,1400.7
agent_3643,21,98,1401.67
agent_3644,23,89,1406.92
agent_3645,11,99,1412.58
agent_3646,1,99,1414.35
agent_3647,12,89,1419.47
agent_3648,12,97,1425.0
agent_3649,0,98,1426.51
agent_3650,30,88,1429.36
agent_3651,42,99,1435.34
agent_3652,10,98,1443.55
agent_3653,0,98,1443.77
agent_3654,21,88,1445.63
agent_3655,0,88,1449.15
agent_3656,1,68,1454.46
agent_3657,1,88,1457.48
agent_3658,12,89,1460.84
agent_3659,22,99,1461.57
agent_3660,22,79,1466.98
agent_3661,31,67,1472.82
agent_3662,11,87,1481.82
agent_3663,0,89,1483.04
agent_3664,1,99,1488.02
agent_3665,20,89,1490.69
agent_3666,13,89,1495.8
agent_3667,11,88,1498.88
agent_3668,32,99,1505.92
agent_3669,10,89,1508.56
agent_3670,21,88,1510.92
agent_3671,22,89,1518.76
agent_3672,2,98,1520.25
agent_3673,12,89,1521.14
agent_3674,12,89,1521.19
agent_3675,21,77,1524.8
agent_3676,20,99,1532.76
agent_3677,12,89,1534.67
agent_3678,3,89,1539.71
agent_3679,12,87,1546.39
agent_3680,33,89,1546.94
agent_3681,10,98,1547.83
agent_3682,42,89,1553.05
agent_3683,12,89,1554.96
agent_3684,21,79,1562.57
agent_3685,13,99,1569.0
agent_3686,31,99,1571.02
agent_3687,13,98,1578.19
agent_3688,1,77,1582.2
agent_3689,30,99,1584.33
agent_3690,22,69,1584.62
agent_3691,3,88,1585.16
agent_3692,11,88,1585.55
agent_3693,30,99,1587.28
agent_3694,12,97,1590.67
agent_3695,4,98,1590.79
agent_3696,21,99,1591.68
agent_3697,0,89,1596.48
agent_3698,22,97,1600.07
agent_3699,10,88,1600.44
agent_3700,1,98,1600.56
agent_3701,1,89,1609.72
agent_3702,10,79,1610.39
agent_3703,42,99,1612.37
agent_3704,11,98,1620.58
agent_3705,21,89,1628.0
agent_3706,2,99,1628.39
agent_3707,13,78,1628.39
agent_3708,30,89,1628.42
agent_3709,20,98,1629.74
agent_3710,22,69,1634.46
agent_3711,3,98,1636.67
agent_3712,20,79,1636.7
agent_3713,1,98,1636.78
agent_3714,12,98,1640.58
agent_3715,33,99,1642.45
agent_3716,32,88,1647.13
agent_3717,1,89,1647.37
agent_3718,40,89,1648.48
agent_3719,1,78,1656.09
agent_3720,10,98,1661.66
agent_3721,31,99,1667.29
agent_3722,21,88,1668.85
agent_3723,21,89,1670.96
agent_3724,21,99,1671.5
agent_3725,32,99,1673.88
agent_3726,11,88,1677.29
agent_3727,11,76,1677.36
agent_3728,31,68,1679.16
agent_3729,11,88,1695.37
agent_3730,11,98,1702.62
agent_3731,22,88,1703.22
agent_3732,11,78,1706.93
agent_3733,21,89,1713.39
agent_3734,20,97,1713.78
agent_3735,30,88,1716.79
agent_3736,12,98,1719.65
agent_3737,1,99,1721.57
agent_3738,0,99,1724.82
agent_3739,0,88,1725.82
agent_3740,10,88,1731.76
agent_3741,2,99,1746.34
agent_3742,1,87,1746.76
agent_3743,1,98,1747.44
agent_3744,21,98,1751.45
agent_3745,22,99,1752.58
agent_3746,12,77,1752.79
agent_3747,3,78,1752.86
agent_3748,12,99,1764.53
agent_3749,12,98,1766.42
agent_3750,30,98,1768.26
agent_3751,13,89,1768.85
agent_3752,11,97,1779.44
agent_3753,22,98,1779.52
agent_3754,2,89,1785.75
agent_3755,1,88,1792.37
agent_3756,12,99,1795.07
agent_3757,1,89,1796.21
agent_3758,1,99,1800.15
agent_3759,22,98,1800.51
agent_3760,2,99,1808.02
agent_3761,0,88,1809.38
agent_3762,2,89,1811.62
agent_3763,1,99,1812.1
agent_3764,1,97,1815.0
agent_3765,12,98,1818.54
agent_3766,20,87,1819.03
agent_3767,30,79,1823.22
agent_3768,14,89,1824.39
agent_3769,1,97,1828.3
agent_3770,12,88,1838.37
agent_3771,20,99,1839.08
agent_3772,11,99,1850.11
agent_3773,13,88,1869.52
agent_3774,2,99,1869.92
agent_3775,21,98,1871.63
agent_3776,1,78,1875.59
agent_3777,0,89,1882.07
agent_3778,3,99,1882.74
agent_3779,21,79,1886.39
agent_3780,32,88,1889.64
agent_3781,22,88,1890.07
agent_3782,12,98,1890.62
agent_3783,21,99,1891.13
agent_3784,21,86,1893.61
agent_3785,20,89,1893.9
agent_3786,11,98,1894.3
agent_3787,11,98,1906.16
agent_3788,42,99,1907.65
agent_3789,10,76,1910.32
agent_3790,22,89,1913.68
agent_3791,1,89,1915.48
agent_3792,21,78,1917.88
agent_3793,21,77,1924.7
agent_3794,12,79,1925.48
agent_3795,10,99,1927.92
agent_3796,12,99,1936.0
agent_3797,2,89,1939.88
agent_3798,11,97,1940.16
agent_3799,11,87,1941.77
agent_3800,41,97,1952.11
agent_3801,23,69,1953.55
agent_3802,11,88,1956.25
agent_3803,32,98,1958.43
agent_3804,11,99,1963.06
agent_3805,0,87,1965.59
agent_3806,3,98,1969.99
agent_3807,10,98,1973.53
agent_3808,20,99,1976.15
agent_3809,0,89,1977.53
agent_3810,24,98,1989.51
agent_3811,10,79,1994.29
agent_3812,11,98,1994.65
agent_3813,10,99,1999.25
agent_3814,3,88,2001.55
agent_3815,1,98,2002.6
agent_3816,12,87,2003.23
agent_3817,20,89,2005.13
agent_3818,24,87,2007.75
agent_3819,10,89,2010.34
agent_3820,2,79,2018.2
agent_3821,20,88,2022.41
agent_3822,22,97,2022.47
agent_3823,2,89,2028.19
agent_3824,31,96,2030.98
agent_3825,30,98,2034.13
agent_3826,21,89,2034.21
agent_3827,13,98,2038.58
agent_3828,0,88,2041.85
agent_3829,1,89,2041.88
agent_3830,21,97,2052.01
agent_3831,11,98,2056.92
agent_3832,22,79,2058.86
agent_3833,2,98,2058.94
agent_3834,1,79,2063.28
agent_3835,3,99,2063.93
agent_3836,2,98,2067.37
agent_3837,10,89,2067.87
agent_3838,42,97,2076.09
agent_3839,2,99,2078.23
agent_3840,2,89,2087.61
agent_3841,20,78,2088.31
agent_3842,50,99,2092.72
agent_3843,20,99,2103.05
agent_3844,21,79,2108.45
agent_3845,22,88,2114.38
agent_3846,10,99,2116.37
agent_3847,11,99,2119.33
agent_3848,13,75,2119.36
agent_3849,11,89,2126.39
agent_3850,13,88,2128.64
agent_3851,23,89,2130.13
agent_3852,20,89,2130.68
agent_3853,33,97,2142.38
agent_3854,11,89,2142.94
agent_3855,3,68,2146.56
agent_3856,12,99,2147.24
agent_3857,11,88,2153.63
agent_3858,1,49,2153.82
agent_3859,1,78,2158.97
agent_3860,21,88,2159.13
agent_3861,1,88,2164.57
agent_3862,20,98,2168.96
agent_3863,11,97,2170.05
agent_3864,24,96,2172.13
agent_3865,11,98,2172.87
agent_3866,2,98,2173.05
agent_3867,2,99,2175.68
agent_3868,10,99,2179.6
agent_3869,22,88,2181.2
agent_3870,3,98,2183.36
agent_3871,21,89,2188.47
agent_3872,22,77,2191.16
agent_3873,3,77,2196.07
agent_3874,21,99,2200.78
agent_3875,20,99,2214.64
agent_3876,2,98,2215.41
agent_3877,0,99,2218.01
agent_3878,13,89,2223.02
agent_3879,11,77,2235.09
agent_3880,10,98,2237.88
agent_3881,22,99,2243.73
agent_3882,1,79,2246.76
agent_3883,13,99,2252.59
agent_3884,20,99,2258.5
agent_3885,20,78,2268.76
agent_3886,14,99,2274.3
agent_3887,12,98,2276.81
agent_3888,10,97,2277.7
agent_3889,4,98,2281.13
agent_3890,21,88,2287.44
agent_3891,33,89,2290.63
agent_3892,22,89,2294.18
agent_3893,20,89,2295.84
agent_3894,31,89,2296.91
agent_3895,1,88,2299.29
agent_3896,13,99,2303.04
agent_3897,1,88,2305.7
agent_3898,12,99,2309.39
agent_3899,11,99,2315.63
agent_3900,30,79,2315.81
agent_3901,13,87,2316.64
agent_3902,54,78,2317.08
agent_3903,10,78,2317.24
agent_3904,12,99,2319.71
agent_3905,10,87,2323.21
agent_3906,1,88,2326.51
agent_3907,1,99,2329.26
agent_3908,11,99,2339.25
agent_3909,11,78,2339.44
agent_3910,12,79,2344.01
agent_3911,10,97,2346.71
agent_3912,1,98,2348.75
agent_3913,3,96,2349.49
agent_3914,2,88,2361.07
agent_3915,1,99,2362.49
agent_3916,10,99,2366.14
agent_3917,13,99,2372.5
agent_3918,0,99,2374.83
agent_3919,42,79,2376.03
agent_3920,22,89,2376.34
agent_3921,22,79,2380.25
agent_3922,2,98,2383.72
agent_3923,24,89,2388.1
agent_3924,11,88,2388.41
agent_3925,11,89,2391.74
agent_3926,23,97,2391.93
agent_3927,20,89,2393.5
agent_3928,12,99,2394.17
agent_3929,33,96,2396.01
agent_3930,21,89,2399.92
agent_3931,21,87,2401.22
agent_3932,0,88,2415.6
agent_3933,12,79,2430.94
agent_3934,14,78,2431.25
agent_3935,11,99,2444.5
agent_3936,1,98,2448.38
agent_3937,0,99,2451.07
agent_3938,20,87,2452.66
agent_3939,12,88,2455.62
agent_3940,2,79,2467.42
agent_3941,12,78,2471.1
agent_3942,0,89,2477.4
agent_3943,11,97,2487.67
agent_3944,23,98,2498.0
agent_3945,1,97,2500.94
agent_3946,21,88,2503.04
agent_3947,32,88,2505.24
agent_3948,0,98,2505.8
agent_3949,1,78,2507.57
agent_3950,11,89,2508.3
agent_3951,10,79,2510.58
agent_3952,12,68,2513.77
agent_3953,21,78,2515.69
agent_3954,20,97,2519.79
agent_3955,2,78,2521.42
agent_3956,10,98,2521.96
agent_3957,20,97,2522.53
agent_3958,20,99,2522.7
agent_3959,21,99,2523.85
agent_3960,12,88,2535.64
agent_3961,12,89,2538.16
agent_3962,1,98,2553.62
agent_3963,2,99,2554.5
agent_3964,14,89,2555.53
agent_3965,1,98,2559.47
agent_3966,21,89,2567.42
agent_3967,12,88,2570.11
agent_3968,12,99,2572.08
agent_3969,0,98,2575.4
agent_3970,10,79,2581.55
agent_3971,20,98,2587.11
agent_3972,10,87,2587.79
agent_3973,12,68,2589.07
agent_3974,12,99,2589.51
agent_3975,21,89,2593.76
agent_3976,10,79,2601.89
agent_3977,20,97,2608.07
agent_3978,10,98,2608.74
agent_3979,13,98,2612.16
agent_3980,11,99,2617.35
agent_3981,0,88,2629.77
agent_3982,20,98,2633.62
agent_3983,12,79,2639.83
agent_3984,10,88,2642.84
agent_3985,31,88,2645.65
agent_3986,20,89,2648.42
agent_3987,21,97,2651.75
agent_3988,1,77,2657.87
agent_3989,0,98,2658.22
agent_3990,43,89,2659.24
agent_3991,2,99,2660.26
agent_3992,10,87,2660.66
agent_3993,32,78,2662.49
agent_3994,42,99,2663.77
agent_3995,13,98,2674.33
agent_3996,0,99,2675.43
agent_3997,22,89,2685.51
agent_3998,2,99,2689.91
agent_3999,10,86,2698.39
