Agent,Start,Dest,Time
agent_0,11,1,0
agent_1,64,81,60
agent_2,85,55,60
agent_3,68,80,60
agent_4,7,2,120
agent_5,89,9,180
agent_6,90,30,300
agent_7,89,51,300
agent_8,99,12,360
agent_9,57,35,360
agent_10,50,83,420
agent_11,87,92,420
agent_12,57,89,480
agent_13,8,93,480
agent_14,95,1,480
agent_15,48,25,540
agent_16,1,62,600
agent_17,14,94,600
agent_18,48,67,780
agent_19,7,23,780
agent_20,19,6,900
agent_21,2,48,960
agent_22,79,10,960
agent_23,33,61,1020
agent_24,80,68,1080
agent_25,32,26,1080
agent_26,92,18,1080
agent_27,42,5,1140
agent_28,42,15,1200
agent_29,51,11,1200
agent_30,68,24,1200
agent_31,77,55,1200
agent_32,86,63,1440
agent_33,7,56,1440
agent_34,73,45,1440
agent_35,8,99,1500
agent_36,34,16,1500
agent_37,31,56,1500
agent_38,84,54,1620
agent_39,61,48,1680
agent_40,93,24,1680
agent_41,66,92,1680
agent_42,71,76,1800
agent_43,4,55,1800
agent_44,85,6,1860
agent_45,45,25,1860
agent_46,52,66,1980
agent_47,1,13,1980
agent_48,28,83,1980
agent_49,13,35,1980
agent_50,99,97,2040
agent_51,49,79,2100
agent_52,92,1,2100
agent_53,60,91,2100
agent_54,41,14,2160
agent_55,25,23,2220
agent_56,3,23,2220
agent_57,14,63,2340
agent_58,90,48,2340
agent_59,91,44,2340
agent_60,71,59,2400
agent_61,8,43,2400
agent_62,67,32,2460
agent_63,5,31,2460
agent_64,42,89,2460
agent_65,66,86,2520
agent_66,1,4,2520
agent_67,30,36,2520
agent_68,8,92,2520
agent_69,0,96,2520
agent_70,79,53,2580
agent_71,19,43,2640
agent_72,84,90,2640
agent_73,88,52,2760
agent_74,73,53,2760
agent_75,52,67,2820
agent_76,31,47,2880
agent_77,62,6,2880
agent_78,22,72,2940
agent_79,67,32,3000
agent_80,80,35,3120
agent_81,76,68,3120
agent_82,52,53,3180
agent_83,25,33,3240
agent_84,41,23,3300
agent_85,24,7,3300
agent_86,42,15,3300
agent_87,0,23,3360
agent_88,23,70,3360
agent_89,23,18,3420
agent_90,37,19,3420
agent_91,44,32,3420
agent_92,91,73,3480
agent_93,14,26,3480
agent_94,19,49,3540
agent_95,64,84,3540
agent_96,13,84,3600
agent_97,51,38,3600
agent_98,85,11,3600
agent_99,44,21,3600
